Data,ETF,FED
23/09/2011,24.89,0.25
27/09/2011,25.04,0.25
28/09/2011,25.14,0.25
29/09/2011,24.91,0.25
30/09/2011,25.02,0.25
03/10/2011,25.13,0.25
04/10/2011,24.94,0.25
05/10/2011,24.91,0.25
06/10/2011,24.92,0.25
07/10/2011,24.87,0.25
10/10/2011,24.99,0.25
11/10/2011,24.85,0.25
12/10/2011,24.77,0.25
13/10/2011,24.69,0.25
14/10/2011,24.74,0.25
17/10/2011,24.79,0.25
18/10/2011,24.82,0.25
19/10/2011,24.84,0.25
20/10/2011,24.84,0.25
21/10/2011,24.85,0.25
24/10/2011,24.86,0.25
25/10/2011,25.02,0.25
26/10/2011,24.96,0.25
27/10/2011,24.87,0.25
28/10/2011,24.94,0.25
31/10/2011,25.15,0.25
01/11/2011,25.27,0.25
02/11/2011,25.4,0.25
03/11/2011,25.28,0.25
04/11/2011,25.43,0.25
07/11/2011,25.39,0.25
08/11/2011,25.37,0.25
09/11/2011,25.28,0.25
10/11/2011,25.35,0.25
11/11/2011,25.32,0.25
14/11/2011,25.27,0.25
15/11/2011,25.27,0.25
16/11/2011,25.23,0.25
17/11/2011,25.2,0.25
18/11/2011,25.53,0.25
21/11/2011,25.17,0.25
22/11/2011,25.13,0.25
23/11/2011,25.31,0.25
25/11/2011,25.24,0.25
28/11/2011,25.29,0.25
29/11/2011,25.24,0.25
30/11/2011,25.29,0.25
01/12/2011,25.23,0.25
02/12/2011,25.27,0.25
05/12/2011,25.34,0.25
06/12/2011,25.3,0.25
07/12/2011,25.35,0.25
08/12/2011,24.98,0.25
09/12/2011,25.25,0.25
12/12/2011,25.32,0.25
13/12/2011,25.34,0.25
14/12/2011,25.29,0.25
15/12/2011,25.21,0.25
16/12/2011,25.31,0.25
19/12/2011,25.39,0.25
20/12/2011,25.39,0.25
21/12/2011,25.33,0.25
22/12/2011,25.33,0.25
23/12/2011,25.3,0.25
27/12/2011,25.25,0.25
28/12/2011,25.33,0.25
29/12/2011,25.21,0.25
30/12/2011,25.3,0.25
03/01/2012,25.25,0.25
04/01/2012,25.32,0.25
05/01/2012,25.45,0.25
06/01/2012,25.38,0.25
09/01/2012,25.48,0.25
10/01/2012,25.32,0.25
11/01/2012,25.5,0.25
12/01/2012,25.35,0.25
13/01/2012,25.23,0.25
17/01/2012,25.45,0.25
18/01/2012,25.44,0.25
19/01/2012,25.44,0.25
20/01/2012,25.34,0.25
23/01/2012,25.32,0.25
24/01/2012,25.37,0.25
25/01/2012,25.55,0.25
26/01/2012,25.62,0.25
27/01/2012,25.67,0.25
30/01/2012,25.74,0.25
31/01/2012,25.78,0.25
01/02/2012,25.78,0.25
02/02/2012,25.81,0.25
03/02/2012,25.68,0.25
06/02/2012,25.75,0.25
07/02/2012,25.68,0.25
08/02/2012,25.66,0.25
09/02/2012,25.61,0.25
10/02/2012,25.68,0.25
13/02/2012,25.68,0.25
14/02/2012,25.73,0.25
15/02/2012,25.67,0.25
16/02/2012,25.69,0.25
17/02/2012,25.57,0.25
21/02/2012,25.67,0.25
22/02/2012,25.73,0.25
23/02/2012,25.79,0.25
24/02/2012,25.77,0.25
27/02/2012,25.82,0.25
28/02/2012,25.82,0.25
29/02/2012,25.74,0.25
01/03/2012,25.71,0.25
02/03/2012,25.71,0.25
05/03/2012,25.67,0.25
06/03/2012,25.71,0.25
07/03/2012,25.72,0.25
08/03/2012,25.74,0.25
09/03/2012,25.75,0.25
12/03/2012,25.77,0.25
13/03/2012,25.72,0.25
14/03/2012,25.57,0.25
15/03/2012,25.59,0.25
16/03/2012,25.53,0.25
19/03/2012,25.5,0.25
20/03/2012,25.5,0.25
21/03/2012,25.52,0.25
22/03/2012,25.55,0.25
23/03/2012,25.59,0.25
26/03/2012,25.55,0.25
27/03/2012,25.6,0.25
28/03/2012,25.59,0.25
29/03/2012,25.61,0.25
30/03/2012,25.61,0.25
02/04/2012,25.61,0.25
03/04/2012,25.55,0.25
04/04/2012,25.54,0.25
05/04/2012,25.56,0.25
09/04/2012,25.67,0.25
10/04/2012,25.75,0.25
11/04/2012,25.83,0.25
12/04/2012,25.79,0.25
13/04/2012,25.85,0.25
16/04/2012,25.86,0.25
17/04/2012,25.86,0.25
18/04/2012,25.86,0.25
19/04/2012,25.8,0.25
20/04/2012,25.83,0.25
23/04/2012,25.88,0.25
24/04/2012,25.88,0.25
25/04/2012,25.88,0.25
26/04/2012,25.91,0.25
27/04/2012,25.94,0.25
30/04/2012,26.0,0.25
01/05/2012,25.96,0.25
02/05/2012,25.98,0.25
03/05/2012,25.96,0.25
04/05/2012,25.96,0.25
07/05/2012,25.95,0.25
08/05/2012,25.97,0.25
09/05/2012,25.99,0.25
10/05/2012,25.97,0.25
11/05/2012,25.98,0.25
14/05/2012,26.03,0.25
15/05/2012,26.02,0.25
16/05/2012,25.98,0.25
17/05/2012,26.02,0.25
18/05/2012,26.03,0.25
21/05/2012,26.04,0.25
22/05/2012,26.0,0.25
23/05/2012,25.99,0.25
24/05/2012,25.97,0.25
25/05/2012,25.94,0.25
29/05/2012,25.94,0.25
30/05/2012,26.01,0.25
31/05/2012,26.08,0.25
01/06/2012,25.95,0.25
04/06/2012,25.85,0.25
05/06/2012,25.91,0.25
06/06/2012,25.84,0.25
07/06/2012,25.88,0.25
08/06/2012,25.91,0.25
11/06/2012,25.94,0.25
12/06/2012,25.88,0.25
13/06/2012,25.92,0.25
14/06/2012,25.88,0.25
15/06/2012,26.03,0.25
18/06/2012,26.03,0.25
19/06/2012,26.01,0.25
20/06/2012,25.97,0.25
21/06/2012,25.88,0.25
22/06/2012,25.8,0.25
25/06/2012,25.84,0.25
26/06/2012,25.8,0.25
27/06/2012,25.81,0.25
28/06/2012,25.86,0.25
29/06/2012,25.89,0.25
02/07/2012,25.82,0.25
03/07/2012,25.81,0.25
05/07/2012,25.84,0.25
06/07/2012,25.91,0.25
09/07/2012,25.92,0.25
10/07/2012,25.94,0.25
11/07/2012,25.96,0.25
12/07/2012,25.93,0.25
13/07/2012,25.96,0.25
16/07/2012,26.0,0.25
17/07/2012,25.91,0.25
18/07/2012,25.98,0.25
19/07/2012,25.99,0.25
20/07/2012,26.01,0.25
23/07/2012,26.0,0.25
24/07/2012,25.99,0.25
25/07/2012,25.94,0.25
26/07/2012,25.93,0.25
27/07/2012,25.9,0.25
30/07/2012,25.97,0.25
31/07/2012,26.06,0.25
01/08/2012,26.04,0.25
02/08/2012,26.03,0.25
03/08/2012,26.01,0.25
06/08/2012,26.05,0.25
07/08/2012,26.03,0.25
08/08/2012,25.97,0.25
09/08/2012,25.94,0.25
10/08/2012,25.95,0.25
13/08/2012,25.95,0.25
14/08/2012,25.88,0.25
15/08/2012,25.79,0.25
16/08/2012,25.77,0.25
17/08/2012,25.75,0.25
20/08/2012,25.76,0.25
21/08/2012,25.79,0.25
22/08/2012,25.85,0.25
23/08/2012,26.01,0.25
24/08/2012,25.98,0.25
27/08/2012,26.04,0.25
28/08/2012,26.07,0.25
29/08/2012,26.03,0.25
30/08/2012,26.03,0.25
31/08/2012,26.14,0.25
04/09/2012,26.13,0.25
05/09/2012,26.16,0.25
06/09/2012,26.07,0.25
07/09/2012,26.13,0.25
10/09/2012,26.17,0.25
11/09/2012,26.26,0.25
12/09/2012,26.14,0.25
13/09/2012,26.34,0.25
14/09/2012,26.58,0.25
17/09/2012,26.39,0.25
18/09/2012,26.48,0.25
19/09/2012,26.28,0.25
20/09/2012,26.3,0.25
21/09/2012,26.27,0.25
24/09/2012,26.27,0.25
25/09/2012,26.29,0.25
26/09/2012,26.3,0.25
27/09/2012,26.27,0.25
28/09/2012,26.27,0.25
01/10/2012,26.3,0.25
02/10/2012,26.36,0.25
03/10/2012,26.37,0.25
04/10/2012,26.45,0.25
05/10/2012,26.45,0.25
08/10/2012,26.47,0.25
09/10/2012,26.39,0.25
10/10/2012,26.4,0.25
11/10/2012,26.36,0.25
12/10/2012,26.33,0.25
15/10/2012,26.36,0.25
16/10/2012,26.31,0.25
17/10/2012,26.24,0.25
18/10/2012,26.24,0.25
19/10/2012,26.26,0.25
22/10/2012,26.23,0.25
23/10/2012,26.23,0.25
24/10/2012,26.21,0.25
25/10/2012,26.14,0.25
26/10/2012,26.2,0.25
31/10/2012,26.35,0.25
01/11/2012,26.33,0.25
02/11/2012,26.34,0.25
05/11/2012,26.36,0.25
06/11/2012,26.27,0.25
07/11/2012,26.33,0.25
08/11/2012,26.39,0.25
09/11/2012,26.37,0.25
12/11/2012,26.37,0.25
13/11/2012,26.39,0.25
14/11/2012,26.36,0.25
15/11/2012,26.36,0.25
16/11/2012,26.39,0.25
19/11/2012,26.38,0.25
20/11/2012,26.34,0.25
21/11/2012,26.32,0.25
23/11/2012,26.3,0.25
26/11/2012,26.35,0.25
27/11/2012,26.39,0.25
28/11/2012,26.36,0.25
29/11/2012,26.41,0.25
30/11/2012,26.47,0.25
03/12/2012,26.43,0.25
04/12/2012,26.44,0.25
05/12/2012,26.46,0.25
06/12/2012,26.49,0.25
07/12/2012,26.48,0.25
10/12/2012,26.45,0.25
11/12/2012,26.46,0.25
12/12/2012,26.45,0.25
13/12/2012,26.37,0.25
14/12/2012,26.35,0.25
17/12/2012,26.34,0.25
18/12/2012,26.29,0.25
19/12/2012,26.34,0.25
20/12/2012,26.33,0.25
21/12/2012,26.31,0.25
24/12/2012,26.34,0.25
26/12/2012,26.34,0.25
27/12/2012,26.29,0.25
28/12/2012,26.29,0.25
31/12/2012,26.3,0.25
02/01/2013,26.21,0.25
03/01/2013,26.1,0.25
04/01/2013,26.07,0.25
07/01/2013,26.15,0.25
08/01/2013,26.17,0.25
09/01/2013,26.22,0.25
10/01/2013,26.19,0.25
11/01/2013,26.19,0.25
14/01/2013,26.18,0.25
15/01/2013,26.24,0.25
16/01/2013,26.23,0.25
17/01/2013,26.18,0.25
18/01/2013,26.2,0.25
22/01/2013,26.2,0.25
23/01/2013,26.22,0.25
24/01/2013,26.2,0.25
25/01/2013,26.1,0.25
28/01/2013,26.09,0.25
29/01/2013,26.11,0.25
30/01/2013,26.17,0.25
31/01/2013,26.21,0.25
01/02/2013,26.2,0.25
04/02/2013,26.22,0.25
05/02/2013,26.19,0.25
06/02/2013,26.22,0.25
07/02/2013,26.19,0.25
08/02/2013,26.19,0.25
11/02/2013,26.17,0.25
12/02/2013,26.16,0.25
13/02/2013,26.12,0.25
14/02/2013,26.16,0.25
15/02/2013,26.14,0.25
19/02/2013,26.13,0.25
20/02/2013,26.13,0.25
21/02/2013,26.13,0.25
22/02/2013,26.16,0.25
25/02/2013,26.22,0.25
26/02/2013,26.19,0.25
27/02/2013,26.18,0.25
28/02/2013,26.23,0.25
01/03/2013,26.26,0.25
04/03/2013,26.26,0.25
05/03/2013,26.27,0.25
06/03/2013,26.24,0.25
07/03/2013,26.2,0.25
08/03/2013,26.13,0.25
11/03/2013,26.16,0.25
12/03/2013,26.17,0.25
13/03/2013,26.19,0.25
14/03/2013,26.25,0.25
15/03/2013,26.28,0.25
18/03/2013,26.28,0.25
19/03/2013,26.26,0.25
20/03/2013,26.26,0.25
21/03/2013,26.23,0.25
22/03/2013,26.25,0.25
25/03/2013,26.25,0.25
26/03/2013,26.26,0.25
27/03/2013,26.29,0.25
28/03/2013,26.35,0.25
01/04/2013,26.34,0.25
02/04/2013,26.32,0.25
03/04/2013,26.34,0.25
04/04/2013,26.36,0.25
05/04/2013,26.39,0.25
08/04/2013,26.34,0.25
09/04/2013,26.31,0.25
10/04/2013,26.24,0.25
11/04/2013,26.29,0.25
12/04/2013,26.33,0.25
15/04/2013,26.27,0.25
16/04/2013,26.26,0.25
17/04/2013,26.22,0.25
18/04/2013,26.09,0.25
19/04/2013,26.16,0.25
22/04/2013,26.19,0.25
23/04/2013,26.17,0.25
24/04/2013,26.23,0.25
25/04/2013,26.28,0.25
26/04/2013,26.31,0.25
29/04/2013,26.31,0.25
30/04/2013,26.25,0.25
01/05/2013,26.21,0.25
02/05/2013,26.21,0.25
03/05/2013,26.14,0.25
06/05/2013,26.17,0.25
07/05/2013,26.15,0.25
08/05/2013,26.12,0.25
09/05/2013,26.14,0.25
10/05/2013,26.09,0.25
13/05/2013,26.02,0.25
14/05/2013,25.99,0.25
15/05/2013,26.0,0.25
16/05/2013,26.01,0.25
17/05/2013,25.95,0.25
20/05/2013,25.97,0.25
21/05/2013,25.99,0.25
22/05/2013,25.85,0.25
23/05/2013,25.82,0.25
24/05/2013,25.86,0.25
28/05/2013,25.74,0.25
29/05/2013,25.69,0.25
30/05/2013,25.6,0.25
31/05/2013,25.61,0.25
03/06/2013,25.59,0.25
04/06/2013,25.6,0.25
05/06/2013,25.57,0.25
06/06/2013,25.58,0.25
07/06/2013,25.5,0.25
10/06/2013,25.42,0.25
11/06/2013,25.39,0.25
12/06/2013,25.3,0.25
13/06/2013,25.39,0.25
14/06/2013,25.42,0.25
17/06/2013,25.38,0.25
18/06/2013,25.4,0.25
19/06/2013,25.16,0.25
20/06/2013,24.98,0.25
21/06/2013,24.77,0.25
24/06/2013,24.62,0.25
25/06/2013,24.68,0.25
26/06/2013,24.7,0.25
27/06/2013,24.9,0.25
28/06/2013,24.88,0.25
01/07/2013,24.97,0.25
02/07/2013,25.04,0.25
03/07/2013,25.0,0.25
05/07/2013,24.87,0.25
08/07/2013,24.97,0.25
09/07/2013,24.95,0.25
10/07/2013,24.92,0.25
11/07/2013,25.01,0.25
12/07/2013,25.03,0.25
15/07/2013,25.1,0.25
16/07/2013,25.14,0.25
17/07/2013,25.26,0.25
18/07/2013,25.19,0.25
19/07/2013,25.28,0.25
22/07/2013,25.28,0.25
23/07/2013,25.25,0.25
24/07/2013,25.11,0.25
25/07/2013,25.12,0.25
26/07/2013,25.11,0.25
29/07/2013,25.09,0.25
30/07/2013,25.11,0.25
31/07/2013,25.16,0.25
01/08/2013,25.11,0.25
02/08/2013,25.23,0.25
05/08/2013,25.23,0.25
06/08/2013,25.26,0.25
07/08/2013,25.24,0.25
08/08/2013,25.23,0.25
09/08/2013,25.27,0.25
12/08/2013,25.24,0.25
13/08/2013,25.11,0.25
14/08/2013,25.09,0.25
15/08/2013,24.97,0.25
16/08/2013,24.88,0.25
19/08/2013,24.81,0.25
20/08/2013,24.92,0.25
21/08/2013,24.81,0.25
22/08/2013,24.73,0.25
23/08/2013,24.84,0.25
26/08/2013,24.91,0.25
27/08/2013,25.01,0.25
28/08/2013,24.96,0.25
29/08/2013,24.91,0.25
30/08/2013,24.85,0.25
03/09/2013,24.8,0.25
04/09/2013,24.71,0.25
05/09/2013,24.59,0.25
06/09/2013,24.66,0.25
09/09/2013,24.7,0.25
10/09/2013,24.68,0.25
11/09/2013,24.76,0.25
12/09/2013,24.78,0.25
13/09/2013,24.79,0.25
16/09/2013,24.87,0.25
17/09/2013,24.91,0.25
18/09/2013,25.17,0.25
19/09/2013,25.11,0.25
20/09/2013,25.17,0.25
23/09/2013,25.16,0.25
24/09/2013,25.16,0.25
25/09/2013,25.17,0.25
26/09/2013,25.16,0.25
27/09/2013,25.18,0.25
30/09/2013,25.17,0.25
01/10/2013,25.15,0.25
02/10/2013,25.21,0.25
03/10/2013,25.22,0.25
04/10/2013,25.19,0.25
07/10/2013,25.2,0.25
08/10/2013,25.14,0.25
09/10/2013,25.16,0.25
10/10/2013,25.19,0.25
11/10/2013,25.2,0.25
14/10/2013,25.16,0.25
15/10/2013,25.18,0.25
16/10/2013,25.2,0.25
17/10/2013,25.25,0.25
18/10/2013,25.27,0.25
21/10/2013,25.26,0.25
22/10/2013,25.3,0.25
23/10/2013,25.31,0.25
24/10/2013,25.29,0.25
25/10/2013,25.31,0.25
28/10/2013,25.34,0.25
29/10/2013,25.32,0.25
30/10/2013,25.3,0.25
31/10/2013,25.26,0.25
01/11/2013,25.16,0.25
04/11/2013,25.18,0.25
05/11/2013,25.16,0.25
06/11/2013,25.28,0.25
07/11/2013,25.3,0.25
08/11/2013,25.18,0.25
11/11/2013,25.18,0.25
12/11/2013,25.16,0.25
13/11/2013,25.23,0.25
14/11/2013,25.32,0.25
15/11/2013,25.31,0.25
18/11/2013,25.35,0.25
19/11/2013,25.28,0.25
20/11/2013,25.22,0.25
21/11/2013,25.25,0.25
22/11/2013,25.3,0.25
25/11/2013,25.26,0.25
26/11/2013,25.28,0.25
27/11/2013,25.23,0.25
29/11/2013,25.2,0.25
02/12/2013,25.16,0.25
03/12/2013,25.18,0.25
04/12/2013,25.09,0.25
05/12/2013,25.07,0.25
06/12/2013,25.0,0.25
09/12/2013,25.0,0.25
10/12/2013,25.03,0.25
11/12/2013,25.02,0.25
12/12/2013,24.96,0.25
13/12/2013,24.99,0.25
16/12/2013,25.01,0.25
17/12/2013,25.06,0.25
18/12/2013,24.99,0.25
19/12/2013,24.91,0.25
20/12/2013,24.89,0.25
23/12/2013,24.9,0.25
24/12/2013,24.84,0.25
26/12/2013,24.84,0.25
27/12/2013,24.83,0.25
30/12/2013,24.84,0.25
31/12/2013,24.87,0.25
02/01/2014,24.88,0.25
03/01/2014,24.91,0.25
06/01/2014,24.93,0.25
07/01/2014,24.95,0.25
08/01/2014,24.9,0.25
09/01/2014,24.97,0.25
10/01/2014,25.03,0.25
13/01/2014,25.04,0.25
14/01/2014,24.99,0.25
15/01/2014,24.98,0.25
16/01/2014,24.99,0.25
17/01/2014,24.99,0.25
21/01/2014,24.96,0.25
22/01/2014,24.91,0.25
23/01/2014,25.01,0.25
24/01/2014,25.03,0.25
27/01/2014,25.0,0.25
28/01/2014,25.06,0.25
29/01/2014,25.09,0.25
30/01/2014,25.09,0.25
31/01/2014,25.13,0.25
03/02/2014,25.23,0.25
04/02/2014,25.17,0.25
05/02/2014,25.13,0.25
06/02/2014,25.14,0.25
07/02/2014,25.2,0.25
10/02/2014,25.21,0.25
11/02/2014,25.14,0.25
12/02/2014,25.11,0.25
13/02/2014,25.15,0.25
14/02/2014,25.14,0.25
18/02/2014,25.19,0.25
19/02/2014,25.12,0.25
20/02/2014,25.08,0.25
21/02/2014,25.09,0.25
24/02/2014,25.09,0.25
25/02/2014,25.14,0.25
26/02/2014,25.19,0.25
27/02/2014,25.2,0.25
28/02/2014,25.21,0.25
03/03/2014,25.28,0.25
04/03/2014,25.19,0.25
05/03/2014,25.2,0.25
06/03/2014,25.18,0.25
07/03/2014,25.15,0.25
10/03/2014,25.16,0.25
11/03/2014,25.18,0.25
12/03/2014,25.18,0.25
13/03/2014,25.22,0.25
14/03/2014,25.22,0.25
17/03/2014,25.18,0.25
18/03/2014,25.23,0.25
19/03/2014,25.0,0.25
20/03/2014,24.95,0.25
21/03/2014,24.98,0.25
24/03/2014,24.95,0.25
25/03/2014,24.94,0.25
26/03/2014,25.0,0.25
27/03/2014,24.99,0.25
28/03/2014,24.97,0.25
31/03/2014,24.99,0.25
01/04/2014,24.96,0.25
02/04/2014,24.9,0.25
03/04/2014,24.92,0.25
04/04/2014,24.99,0.25
07/04/2014,25.01,0.25
08/04/2014,25.04,0.25
09/04/2014,25.07,0.25
10/04/2014,25.13,0.25
11/04/2014,25.15,0.25
14/04/2014,25.11,0.25
15/04/2014,25.14,0.25
16/04/2014,25.13,0.25
17/04/2014,25.13,0.25
21/04/2014,25.14,0.25
22/04/2014,25.14,0.25
23/04/2014,25.19,0.25
24/04/2014,25.19,0.25
25/04/2014,25.18,0.25
28/04/2014,25.14,0.25
29/04/2014,25.16,0.25
30/04/2014,25.23,0.25
01/05/2014,25.26,0.25
02/05/2014,25.27,0.25
05/05/2014,25.24,0.25
06/05/2014,25.25,0.25
07/05/2014,25.26,0.25
08/05/2014,25.33,0.25
09/05/2014,25.31,0.25
12/05/2014,25.26,0.25
13/05/2014,25.32,0.25
14/05/2014,25.41,0.25
15/05/2014,25.5,0.25
16/05/2014,25.46,0.25
19/05/2014,25.46,0.25
20/05/2014,25.51,0.25
21/05/2014,25.51,0.25
22/05/2014,25.51,0.25
23/05/2014,25.53,0.25
27/05/2014,25.54,0.25
28/05/2014,25.61,0.25
29/05/2014,25.63,0.25
30/05/2014,25.6,0.25
02/06/2014,25.39,0.25
03/06/2014,25.3,0.25
04/06/2014,25.27,0.25
05/06/2014,25.32,0.25
06/06/2014,25.33,0.25
09/06/2014,25.29,0.25
10/06/2014,25.27,0.25
11/06/2014,25.31,0.25
12/06/2014,25.37,0.25
13/06/2014,25.29,0.25
16/06/2014,25.32,0.25
17/06/2014,25.3,0.25
18/06/2014,25.4,0.25
19/06/2014,25.41,0.25
20/06/2014,25.44,0.25
23/06/2014,25.45,0.25
24/06/2014,25.47,0.25
25/06/2014,25.52,0.25
26/06/2014,25.56,0.25
27/06/2014,25.57,0.25
30/06/2014,25.57,0.25
01/07/2014,25.43,0.25
02/07/2014,25.38,0.25
03/07/2014,25.39,0.25
07/07/2014,25.38,0.25
08/07/2014,25.4,0.25
09/07/2014,25.42,0.25
10/07/2014,25.46,0.25
11/07/2014,25.49,0.25
14/07/2014,25.46,0.25
15/07/2014,25.39,0.25
16/07/2014,25.4,0.25
17/07/2014,25.46,0.25
18/07/2014,25.43,0.25
21/07/2014,25.45,0.25
22/07/2014,25.43,0.25
23/07/2014,25.42,0.25
24/07/2014,25.38,0.25
25/07/2014,25.44,0.25
28/07/2014,25.43,0.25
29/07/2014,25.46,0.25
30/07/2014,25.35,0.25
31/07/2014,25.36,0.25
01/08/2014,25.36,0.25
04/08/2014,25.37,0.25
05/08/2014,25.36,0.25
06/08/2014,25.36,0.25
07/08/2014,25.42,0.25
08/08/2014,25.41,0.25
11/08/2014,25.4,0.25
12/08/2014,25.37,0.25
13/08/2014,25.45,0.25
14/08/2014,25.44,0.25
15/08/2014,25.45,0.25
18/08/2014,25.37,0.25
19/08/2014,25.37,0.25
20/08/2014,25.31,0.25
21/08/2014,25.3,0.25
22/08/2014,25.28,0.25
25/08/2014,25.26,0.25
26/08/2014,25.26,0.25
27/08/2014,25.31,0.25
28/08/2014,25.28,0.25
29/08/2014,25.3,0.25
02/09/2014,25.18,0.25
03/09/2014,25.2,0.25
04/09/2014,25.17,0.25
05/09/2014,25.16,0.25
08/09/2014,25.08,0.25
09/09/2014,25.01,0.25
10/09/2014,24.97,0.25
11/09/2014,24.98,0.25
12/09/2014,24.93,0.25
15/09/2014,24.95,0.25
16/09/2014,24.98,0.25
17/09/2014,24.8,0.25
18/09/2014,24.74,0.25
19/09/2014,24.77,0.25
22/09/2014,24.76,0.25
23/09/2014,24.83,0.25
24/09/2014,24.8,0.25
25/09/2014,24.85,0.25
26/09/2014,24.78,0.25
29/09/2014,24.82,0.25
30/09/2014,24.79,0.25
01/10/2014,24.93,0.25
02/10/2014,24.86,0.25
03/10/2014,24.82,0.25
06/10/2014,24.83,0.25
07/10/2014,24.9,0.25
08/10/2014,25.05,0.25
09/10/2014,25.0,0.25
10/10/2014,25.02,0.25
13/10/2014,25.1,0.25
14/10/2014,25.06,0.25
15/10/2014,25.07,0.25
16/10/2014,25.09,0.25
17/10/2014,25.07,0.25
20/10/2014,25.07,0.25
21/10/2014,25.04,0.25
22/10/2014,25.05,0.25
23/10/2014,24.98,0.25
24/10/2014,24.97,0.25
27/10/2014,24.95,0.25
28/10/2014,24.96,0.25
29/10/2014,24.89,0.25
30/10/2014,24.88,0.25
31/10/2014,24.9,0.25
03/11/2014,24.87,0.25
04/11/2014,24.86,0.25
05/11/2014,24.92,0.25
06/11/2014,24.88,0.25
07/11/2014,25.01,0.25
10/11/2014,24.93,0.25
11/11/2014,24.95,0.25
12/11/2014,24.89,0.25
13/11/2014,24.91,0.25
14/11/2014,24.91,0.25
17/11/2014,24.89,0.25
18/11/2014,24.87,0.25
19/11/2014,24.81,0.25
20/11/2014,24.86,0.25
21/11/2014,24.89,0.25
24/11/2014,24.91,0.25
25/11/2014,24.9,0.25
26/11/2014,24.91,0.25
28/11/2014,24.9,0.25
01/12/2014,24.91,0.25
02/12/2014,24.78,0.25
03/12/2014,24.77,0.25
04/12/2014,24.8,0.25
05/12/2014,24.62,0.25
08/12/2014,24.6,0.25
09/12/2014,24.71,0.25
10/12/2014,24.71,0.25
11/12/2014,24.66,0.25
12/12/2014,24.61,0.25
15/12/2014,24.53,0.25
16/12/2014,24.63,0.25
17/12/2014,24.54,0.25
18/12/2014,24.47,0.25
19/12/2014,24.53,0.25
22/12/2014,24.54,0.25
23/12/2014,24.42,0.25
24/12/2014,24.38,0.25
26/12/2014,24.38,0.25
29/12/2014,24.4,0.25
30/12/2014,24.43,0.25
31/12/2014,24.45,0.25
02/01/2015,24.61,0.25
05/01/2015,24.56,0.25
06/01/2015,24.52,0.25
07/01/2015,24.58,0.25
08/01/2015,24.58,0.25
09/01/2015,24.65,0.25
12/01/2015,24.65,0.25
13/01/2015,24.63,0.25
14/01/2015,24.8,0.25
15/01/2015,24.92,0.25
16/01/2015,24.84,0.25
20/01/2015,24.84,0.25
21/01/2015,24.81,0.25
22/01/2015,24.78,0.25
23/01/2015,24.9,0.25
26/01/2015,24.86,0.25
27/01/2015,24.96,0.25
28/01/2015,25.01,0.25
29/01/2015,25.02,0.25
30/01/2015,25.17,0.25
02/02/2015,25.16,0.25
03/02/2015,25.09,0.25
04/02/2015,25.13,0.25
05/02/2015,25.08,0.25
06/02/2015,24.86,0.25
09/02/2015,24.82,0.25
10/02/2015,24.77,0.25
11/02/2015,24.74,0.25
12/02/2015,24.76,0.25
13/02/2015,24.73,0.25
17/02/2015,24.64,0.25
18/02/2015,24.72,0.25
19/02/2015,24.68,0.25
20/02/2015,24.64,0.25
23/02/2015,24.66,0.25
24/02/2015,24.76,0.25
25/02/2015,24.84,0.25
26/02/2015,24.8,0.25
27/02/2015,24.94,0.25
02/03/2015,24.77,0.25
03/03/2015,24.81,0.25
04/03/2015,24.83,0.25
05/03/2015,24.76,0.25
06/03/2015,24.61,0.25
09/03/2015,24.54,0.25
10/03/2015,24.55,0.25
11/03/2015,24.61,0.25
12/03/2015,24.53,0.25
13/03/2015,24.47,0.25
16/03/2015,24.47,0.25
17/03/2015,24.44,0.25
18/03/2015,24.74,0.25
19/03/2015,24.73,0.25
20/03/2015,24.79,0.25
23/03/2015,24.77,0.25
24/03/2015,24.92,0.25
25/03/2015,24.92,0.25
26/03/2015,24.82,0.25
27/03/2015,24.83,0.25
30/03/2015,24.81,0.25
31/03/2015,24.83,0.25
01/04/2015,25.0,0.25
02/04/2015,24.94,0.25
06/04/2015,25.07,0.25
07/04/2015,25.08,0.25
08/04/2015,25.02,0.25
09/04/2015,24.92,0.25
10/04/2015,24.93,0.25
13/04/2015,24.96,0.25
14/04/2015,25.01,0.25
15/04/2015,25.04,0.25
16/04/2015,25.09,0.25
17/04/2015,25.17,0.25
20/04/2015,25.14,0.25
21/04/2015,25.1,0.25
22/04/2015,25.03,0.25
23/04/2015,25.08,0.25
24/04/2015,25.13,0.25
27/04/2015,25.15,0.25
28/04/2015,25.05,0.25
29/04/2015,25.02,0.25
30/04/2015,25.07,0.25
01/05/2015,24.99,0.25
04/05/2015,24.95,0.25
05/05/2015,24.94,0.25
06/05/2015,24.83,0.25
07/05/2015,24.85,0.25
08/05/2015,24.91,0.25
11/05/2015,24.79,0.25
12/05/2015,24.81,0.25
13/05/2015,24.83,0.25
14/05/2015,24.89,0.25
15/05/2015,24.95,0.25
18/05/2015,24.89,0.25
19/05/2015,24.76,0.25
20/05/2015,24.85,0.25
21/05/2015,24.89,0.25
22/05/2015,24.89,0.25
26/05/2015,24.88,0.25
27/05/2015,24.87,0.25
28/05/2015,24.84,0.25
29/05/2015,24.96,0.25
01/06/2015,24.85,0.25
02/06/2015,24.78,0.25
03/06/2015,24.69,0.25
04/06/2015,24.7,0.25
05/06/2015,24.66,0.25
08/06/2015,24.69,0.25
09/06/2015,24.67,0.25
10/06/2015,24.62,0.25
11/06/2015,24.7,0.25
12/06/2015,24.69,0.25
15/06/2015,24.71,0.25
16/06/2015,24.84,0.25
17/06/2015,24.93,0.25
18/06/2015,24.88,0.25
19/06/2015,24.91,0.25
22/06/2015,24.82,0.25
23/06/2015,24.8,0.25
24/06/2015,24.83,0.25
25/06/2015,24.8,0.25
26/06/2015,24.73,0.25
29/06/2015,24.84,0.25
30/06/2015,24.86,0.25
01/07/2015,24.76,0.25
02/07/2015,24.89,0.25
06/07/2015,24.93,0.25
07/07/2015,24.95,0.25
08/07/2015,24.98,0.25
09/07/2015,24.92,0.25
10/07/2015,24.79,0.25
13/07/2015,24.72,0.25
14/07/2015,24.79,0.25
15/07/2015,24.82,0.25
16/07/2015,24.81,0.25
17/07/2015,24.79,0.25
20/07/2015,24.71,0.25
21/07/2015,24.75,0.25
22/07/2015,24.75,0.25
23/07/2015,24.74,0.25
24/07/2015,24.73,0.25
27/07/2015,24.74,0.25
28/07/2015,24.75,0.25
29/07/2015,24.75,0.25
30/07/2015,24.74,0.25
31/07/2015,24.81,0.25
03/08/2015,24.78,0.25
04/08/2015,24.68,0.25
05/08/2015,24.62,0.25
06/08/2015,24.64,0.25
07/08/2015,24.67,0.25
10/08/2015,24.67,0.25
11/08/2015,24.75,0.25
12/08/2015,24.71,0.25
13/08/2015,24.66,0.25
14/08/2015,24.64,0.25
17/08/2015,24.63,0.25
18/08/2015,24.59,0.25
19/08/2015,24.65,0.25
20/08/2015,24.69,0.25
21/08/2015,24.69,0.25
24/08/2015,24.67,0.25
25/08/2015,24.67,0.25
26/08/2015,24.57,0.25
27/08/2015,24.7,0.25
28/08/2015,24.68,0.25
31/08/2015,24.72,0.25
01/09/2015,24.61,0.25
02/09/2015,24.58,0.25
03/09/2015,24.56,0.25
04/09/2015,24.58,0.25
08/09/2015,24.52,0.25
09/09/2015,24.54,0.25
10/09/2015,24.54,0.25
11/09/2015,24.59,0.25
14/09/2015,24.56,0.25
15/09/2015,24.45,0.25
16/09/2015,24.46,0.25
17/09/2015,24.65,0.25
18/09/2015,24.68,0.25
21/09/2015,24.59,0.25
22/09/2015,24.63,0.25
23/09/2015,24.63,0.25
24/09/2015,24.61,0.25
25/09/2015,24.51,0.25
28/09/2015,24.49,0.25
29/09/2015,24.58,0.25
30/09/2015,24.62,0.25
01/10/2015,24.7,0.25
02/10/2015,24.8,0.25
05/10/2015,24.77,0.25
06/10/2015,24.81,0.25
07/10/2015,24.79,0.25
08/10/2015,24.8,0.25
09/10/2015,24.73,0.25
12/10/2015,24.79,0.25
13/10/2015,24.76,0.25
14/10/2015,24.84,0.25
15/10/2015,24.79,0.25
16/10/2015,24.76,0.25
19/10/2015,24.72,0.25
20/10/2015,24.67,0.25
21/10/2015,24.68,0.25
22/10/2015,24.73,0.25
23/10/2015,24.69,0.25
26/10/2015,24.68,0.25
27/10/2015,24.72,0.25
28/10/2015,24.61,0.25
29/10/2015,24.56,0.25
30/10/2015,24.6,0.25
02/11/2015,24.57,0.25
03/11/2015,24.58,0.25
04/11/2015,24.53,0.25
05/11/2015,24.48,0.25
06/11/2015,24.38,0.25
09/11/2015,24.38,0.25
10/11/2015,24.39,0.25
11/11/2015,24.37,0.25
12/11/2015,24.39,0.25
13/11/2015,24.42,0.25
16/11/2015,24.4,0.25
17/11/2015,24.41,0.25
18/11/2015,24.42,0.25
19/11/2015,24.47,0.25
20/11/2015,24.5,0.25
23/11/2015,24.51,0.25
24/11/2015,24.58,0.25
25/11/2015,24.54,0.25
27/11/2015,24.56,0.25
30/11/2015,24.53,0.25
01/12/2015,24.61,0.25
02/12/2015,24.54,0.25
03/12/2015,24.44,0.25
04/12/2015,24.46,0.25
07/12/2015,24.45,0.25
08/12/2015,24.45,0.25
09/12/2015,24.43,0.25
10/12/2015,24.37,0.25
11/12/2015,24.47,0.25
14/12/2015,24.34,0.25
15/12/2015,24.33,0.25
16/12/2015,24.26,0.5
17/12/2015,24.33,0.5
18/12/2015,24.36,0.5
21/12/2015,24.34,0.5
22/12/2015,24.3,0.5
23/12/2015,24.33,0.5
24/12/2015,24.35,0.5
28/12/2015,24.32,0.5
29/12/2015,24.27,0.5
30/12/2015,24.29,0.5
31/12/2015,24.32,0.5
04/01/2016,24.43,0.5
05/01/2016,24.44,0.5
06/01/2016,24.47,0.5
07/01/2016,24.48,0.5
08/01/2016,24.53,0.5
11/01/2016,24.43,0.5
12/01/2016,24.46,0.5
13/01/2016,24.5,0.5
14/01/2016,24.52,0.5
15/01/2016,24.51,0.5
19/01/2016,24.5,0.5
20/01/2016,24.52,0.5
21/01/2016,24.48,0.5
22/01/2016,24.49,0.5
25/01/2016,24.53,0.5
26/01/2016,24.54,0.5
27/01/2016,24.61,0.5
28/01/2016,24.67,0.5
29/01/2016,24.76,0.5
01/02/2016,24.7,0.5
02/02/2016,24.74,0.5
03/02/2016,24.76,0.5
04/02/2016,24.75,0.5
05/02/2016,24.71,0.5
08/02/2016,24.66,0.5
09/02/2016,24.64,0.5
10/02/2016,24.7,0.5
11/02/2016,24.73,0.5
12/02/2016,24.69,0.5
16/02/2016,24.63,0.5
17/02/2016,24.61,0.5
18/02/2016,24.65,0.5
19/02/2016,24.66,0.5
22/02/2016,24.7,0.5
23/02/2016,24.77,0.5
24/02/2016,24.8,0.5
25/02/2016,24.91,0.5
26/02/2016,24.86,0.5
29/02/2016,24.89,0.5
01/03/2016,24.88,0.5
02/03/2016,24.86,0.5
03/03/2016,24.92,0.5
04/03/2016,24.89,0.5
07/03/2016,24.81,0.5
08/03/2016,24.88,0.5
09/03/2016,24.89,0.5
10/03/2016,24.78,0.5
11/03/2016,24.81,0.5
14/03/2016,24.77,0.5
15/03/2016,24.73,0.5
16/03/2016,24.97,0.5
17/03/2016,25.02,0.5
18/03/2016,25.08,0.5
21/03/2016,25.07,0.5
22/03/2016,25.03,0.5
23/03/2016,25.01,0.5
24/03/2016,24.97,0.5
28/03/2016,24.99,0.5
29/03/2016,25.18,0.5
30/03/2016,25.24,0.5
31/03/2016,25.28,0.5
01/04/2016,25.29,0.5
04/04/2016,25.29,0.5
05/04/2016,25.28,0.5
06/04/2016,25.25,0.5
07/04/2016,25.32,0.5
08/04/2016,25.31,0.5
11/04/2016,25.26,0.5
12/04/2016,25.2,0.5
13/04/2016,25.22,0.5
14/04/2016,25.14,0.5
15/04/2016,25.21,0.5
18/04/2016,25.17,0.5
19/04/2016,25.22,0.5
20/04/2016,25.16,0.5
21/04/2016,25.15,0.5
22/04/2016,25.17,0.5
25/04/2016,25.13,0.5
26/04/2016,25.12,0.5
27/04/2016,25.23,0.5
28/04/2016,25.33,0.5
29/04/2016,25.31,0.5
02/05/2016,25.27,0.5
03/05/2016,25.3,0.5
04/05/2016,25.32,0.5
05/05/2016,25.36,0.5
06/05/2016,25.31,0.5
09/05/2016,25.31,0.5
10/05/2016,25.37,0.5
11/05/2016,25.36,0.5
12/05/2016,25.32,0.5
13/05/2016,25.35,0.5
16/05/2016,25.35,0.5
17/05/2016,25.34,0.5
18/05/2016,25.17,0.5
19/05/2016,25.18,0.5
20/05/2016,25.2,0.5
23/05/2016,25.18,0.5
24/05/2016,25.16,0.5
25/05/2016,25.19,0.5
26/05/2016,25.24,0.5
27/05/2016,25.18,0.5
31/05/2016,25.17,0.5
01/06/2016,25.15,0.5
02/06/2016,25.24,0.5
03/06/2016,25.39,0.5
06/06/2016,25.37,0.5
07/06/2016,25.46,0.5
08/06/2016,25.47,0.5
09/06/2016,25.49,0.5
10/06/2016,25.53,0.5
13/06/2016,25.51,0.5
14/06/2016,25.49,0.5
15/06/2016,25.56,0.5
16/06/2016,25.54,0.5
17/06/2016,25.48,0.5
20/06/2016,25.42,0.5
21/06/2016,25.36,0.5
22/06/2016,25.42,0.5
23/06/2016,25.43,0.5
24/06/2016,25.53,0.5
27/06/2016,25.51,0.5
28/06/2016,25.59,0.5
29/06/2016,25.58,0.5
30/06/2016,25.65,0.5
01/07/2016,25.66,0.5
05/07/2016,25.68,0.5
06/07/2016,25.7,0.5
07/07/2016,25.65,0.5
08/07/2016,25.66,0.5
11/07/2016,25.6,0.5
12/07/2016,25.57,0.5
13/07/2016,25.56,0.5
14/07/2016,25.54,0.5
15/07/2016,25.48,0.5
18/07/2016,25.49,0.5
19/07/2016,25.5,0.5
20/07/2016,25.46,0.5
21/07/2016,25.48,0.5
22/07/2016,25.43,0.5
25/07/2016,25.41,0.5
26/07/2016,25.41,0.5
27/07/2016,25.44,0.5
28/07/2016,25.49,0.5
29/07/2016,25.58,0.5
01/08/2016,25.35,0.5
02/08/2016,25.31,0.5
03/08/2016,25.34,0.5
04/08/2016,25.44,0.5
05/08/2016,25.34,0.5
08/08/2016,25.34,0.5
09/08/2016,25.38,0.5
10/08/2016,25.39,0.5
11/08/2016,25.31,0.5
12/08/2016,25.4,0.5
15/08/2016,25.34,0.5
16/08/2016,25.31,0.5
17/08/2016,25.35,0.5
18/08/2016,25.42,0.5
19/08/2016,25.4,0.5
22/08/2016,25.4,0.5
23/08/2016,25.43,0.5
24/08/2016,25.4,0.5
25/08/2016,25.4,0.5
26/08/2016,25.31,0.5
29/08/2016,25.35,0.5
30/08/2016,25.34,0.5
31/08/2016,25.31,0.5
01/09/2016,25.23,0.5
02/09/2016,25.22,0.5
06/09/2016,25.35,0.5
07/09/2016,25.36,0.5
08/09/2016,25.31,0.5
09/09/2016,25.21,0.5
12/09/2016,25.23,0.5
13/09/2016,25.19,0.5
14/09/2016,25.19,0.5
15/09/2016,25.24,0.5
16/09/2016,25.26,0.5
19/09/2016,25.27,0.5
20/09/2016,25.25,0.5
21/09/2016,25.29,0.5
22/09/2016,25.37,0.5
23/09/2016,25.44,0.5
26/09/2016,25.43,0.5
27/09/2016,25.43,0.5
28/09/2016,25.48,0.5
29/09/2016,25.5,0.5
30/09/2016,25.48,0.5
03/10/2016,25.46,0.5
04/10/2016,25.38,0.5
05/10/2016,25.36,0.5
06/10/2016,25.35,0.5
07/10/2016,25.38,0.5
10/10/2016,25.36,0.5
11/10/2016,25.36,0.5
12/10/2016,25.34,0.5
13/10/2016,25.4,0.5
14/10/2016,25.41,0.5
17/10/2016,25.48,0.5
18/10/2016,25.5,0.5
19/10/2016,25.52,0.5
20/10/2016,25.49,0.5
21/10/2016,25.49,0.5
24/10/2016,25.47,0.5
25/10/2016,25.45,0.5
26/10/2016,25.46,0.5
27/10/2016,25.42,0.5
28/10/2016,25.45,0.5
31/10/2016,25.47,0.5
01/11/2016,25.49,0.5
02/11/2016,25.49,0.5
03/11/2016,25.45,0.5
04/11/2016,25.47,0.5
07/11/2016,25.47,0.5
08/11/2016,25.44,0.5
09/11/2016,25.32,0.5
10/11/2016,25.31,0.5
11/11/2016,25.26,0.5
14/11/2016,25.1,0.5
15/11/2016,25.08,0.5
16/11/2016,25.13,0.5
17/11/2016,25.12,0.5
18/11/2016,25.04,0.5
21/11/2016,25.07,0.5
22/11/2016,25.12,0.5
23/11/2016,25.05,0.5
25/11/2016,25.02,0.5
28/11/2016,25.0,0.5
29/11/2016,25.05,0.5
30/11/2016,25.07,0.5
01/12/2016,24.98,0.5
02/12/2016,24.97,0.5
05/12/2016,25.02,0.5
06/12/2016,25.05,0.5
07/12/2016,25.05,0.5
08/12/2016,25.06,0.5
09/12/2016,25.01,0.5
12/12/2016,25.02,0.5
13/12/2016,24.98,0.5
14/12/2016,24.79,0.75
15/12/2016,24.67,0.75
16/12/2016,24.66,0.75
19/12/2016,24.73,0.75
20/12/2016,24.78,0.75
21/12/2016,24.8,0.75
22/12/2016,24.84,0.75
23/12/2016,24.89,0.75
27/12/2016,24.84,0.75
28/12/2016,24.88,0.75
29/12/2016,24.94,0.75
30/12/2016,25.02,0.75
03/01/2017,25.04,0.75
04/01/2017,25.03,0.75
05/01/2017,25.11,0.75
06/01/2017,25.04,0.75
09/01/2017,25.08,0.75
10/01/2017,25.09,0.75
11/01/2017,25.14,0.75
12/01/2017,25.16,0.75
13/01/2017,25.1,0.75
17/01/2017,25.18,0.75
18/01/2017,25.07,0.75
19/01/2017,25.08,0.75
20/01/2017,25.13,0.75
23/01/2017,25.17,0.75
24/01/2017,25.15,0.75
25/01/2017,25.08,0.75
26/01/2017,25.11,0.75
27/01/2017,25.15,0.75
30/01/2017,25.17,0.75
31/01/2017,25.22,0.75
01/02/2017,25.19,0.75
02/02/2017,25.22,0.75
03/02/2017,25.19,0.75
06/02/2017,25.24,0.75
07/02/2017,25.22,0.75
08/02/2017,25.24,0.75
09/02/2017,25.2,0.75
10/02/2017,25.2,0.75
13/02/2017,25.17,0.75
14/02/2017,25.1,0.75
15/02/2017,25.13,0.75
16/02/2017,25.18,0.75
17/02/2017,25.2,0.75
21/02/2017,25.2,0.75
22/02/2017,25.23,0.75
23/02/2017,25.29,0.75
24/02/2017,25.33,0.75
27/02/2017,25.25,0.75
28/02/2017,25.25,0.75
01/03/2017,25.14,0.75
02/03/2017,25.07,0.75
03/03/2017,25.12,0.75
06/03/2017,25.13,0.75
07/03/2017,25.08,0.75
08/03/2017,24.98,0.75
09/03/2017,24.95,0.75
10/03/2017,24.99,0.75
13/03/2017,24.95,0.75
14/03/2017,24.93,0.75
15/03/2017,25.12,1.0
16/03/2017,25.11,1.0
17/03/2017,25.15,1.0
20/03/2017,25.18,1.0
21/03/2017,25.19,1.0
22/03/2017,25.22,1.0
23/03/2017,25.21,1.0
24/03/2017,25.23,1.0
27/03/2017,25.27,1.0
28/03/2017,25.21,1.0
29/03/2017,25.27,1.0
30/03/2017,25.22,1.0
31/03/2017,25.31,1.0
03/04/2017,25.24,1.0
04/04/2017,25.19,1.0
05/04/2017,25.27,1.0
06/04/2017,25.23,1.0
07/04/2017,25.16,1.0
10/04/2017,25.16,1.0
11/04/2017,25.2,1.0
12/04/2017,25.3,1.0
13/04/2017,25.32,1.0
17/04/2017,25.28,1.0
18/04/2017,25.31,1.0
19/04/2017,25.27,1.0
20/04/2017,25.25,1.0
21/04/2017,25.27,1.0
24/04/2017,25.23,1.0
25/04/2017,25.19,1.0
26/04/2017,25.22,1.0
27/04/2017,25.26,1.0
28/04/2017,25.26,1.0
01/05/2017,25.17,1.0
02/05/2017,25.15,1.0
03/05/2017,25.1,1.0
04/05/2017,25.02,1.0
05/05/2017,25.05,1.0
08/05/2017,24.98,1.0
09/05/2017,24.95,1.0
10/05/2017,24.98,1.0
11/05/2017,25.06,1.0
12/05/2017,25.09,1.0
15/05/2017,25.04,1.0
16/05/2017,25.05,1.0
17/05/2017,25.17,1.0
18/05/2017,25.14,1.0
19/05/2017,25.19,1.0
22/05/2017,25.17,1.0
23/05/2017,25.14,1.0
24/05/2017,25.16,1.0
25/05/2017,25.14,1.0
26/05/2017,25.15,1.0
30/05/2017,25.2,1.0
31/05/2017,25.22,1.0
01/06/2017,25.17,1.0
02/06/2017,25.26,1.0
05/06/2017,25.2,1.0
06/06/2017,25.26,1.0
07/06/2017,25.2,1.0
08/06/2017,25.18,1.0
09/06/2017,25.14,1.0
12/06/2017,25.1,1.0
13/06/2017,25.11,1.0
14/06/2017,25.09,1.25
15/06/2017,25.0,1.25
16/06/2017,25.05,1.25
19/06/2017,24.98,1.25
20/06/2017,24.99,1.25
21/06/2017,25.01,1.25
22/06/2017,25.08,1.25
23/06/2017,25.08,1.25
26/06/2017,25.1,1.25
27/06/2017,25.03,1.25
28/06/2017,25.1,1.25
29/06/2017,25.01,1.25
30/06/2017,24.96,1.25
03/07/2017,24.87,1.25
05/07/2017,24.9,1.25
06/07/2017,24.85,1.25
07/07/2017,24.79,1.25
10/07/2017,24.8,1.25
11/07/2017,24.85,1.25
12/07/2017,24.93,1.25
13/07/2017,24.91,1.25
14/07/2017,24.95,1.25
17/07/2017,24.97,1.25
18/07/2017,25.01,1.25
19/07/2017,25.04,1.25
20/07/2017,24.96,1.25
21/07/2017,25.0,1.25
24/07/2017,25.01,1.25
25/07/2017,24.94,1.25
26/07/2017,25.01,1.25
27/07/2017,25.03,1.25
28/07/2017,25.07,1.25
31/07/2017,25.05,1.25
01/08/2017,25.05,1.25
02/08/2017,25.03,1.25
03/08/2017,25.06,1.25
04/08/2017,25.06,1.25
07/08/2017,25.06,1.25
08/08/2017,25.09,1.25
09/08/2017,25.13,1.25
10/08/2017,25.15,1.25
11/08/2017,25.16,1.25
14/08/2017,25.06,1.25
15/08/2017,25.02,1.25
16/08/2017,25.05,1.25
17/08/2017,25.08,1.25
18/08/2017,25.09,1.25
21/08/2017,25.08,1.25
22/08/2017,25.06,1.25
23/08/2017,25.11,1.25
24/08/2017,25.08,1.25
25/08/2017,25.1,1.25
28/08/2017,25.13,1.25
29/08/2017,25.16,1.25
30/08/2017,25.13,1.25
31/08/2017,25.2,1.25
01/09/2017,25.14,1.25
05/09/2017,25.28,1.25
06/09/2017,25.22,1.25
07/09/2017,25.33,1.25
08/09/2017,25.31,1.25
11/09/2017,25.27,1.25
12/09/2017,25.23,1.25
13/09/2017,25.2,1.25
14/09/2017,25.22,1.25
15/09/2017,25.19,1.25
18/09/2017,25.18,1.25
19/09/2017,25.17,1.25
20/09/2017,25.08,1.25
21/09/2017,25.05,1.25
22/09/2017,25.1,1.25
25/09/2017,25.15,1.25
26/09/2017,25.12,1.25
27/09/2017,25.08,1.25
28/09/2017,25.11,1.25
29/09/2017,25.01,1.25
02/10/2017,24.99,1.25
03/10/2017,25.02,1.25
04/10/2017,25.04,1.25
05/10/2017,25.05,1.25
06/10/2017,25.04,1.25
09/10/2017,25.04,1.25
10/10/2017,25.07,1.25
11/10/2017,25.1,1.25
12/10/2017,25.12,1.25
13/10/2017,25.13,1.25
16/10/2017,25.04,1.25
17/10/2017,25.03,1.25
18/10/2017,25.0,1.25
19/10/2017,25.04,1.25
20/10/2017,24.99,1.25
23/10/2017,25.01,1.25
24/10/2017,24.97,1.25
25/10/2017,24.95,1.25
26/10/2017,24.95,1.25
27/10/2017,25.01,1.25
30/10/2017,25.06,1.25
31/10/2017,25.05,1.25
01/11/2017,25.02,1.25
02/11/2017,25.05,1.25
03/11/2017,25.05,1.25
06/11/2017,25.11,1.25
07/11/2017,25.1,1.25
08/11/2017,25.09,1.25
09/11/2017,25.11,1.25
10/11/2017,25.03,1.25
13/11/2017,25.01,1.25
14/11/2017,25.04,1.25
15/11/2017,25.08,1.25
16/11/2017,25.03,1.25
17/11/2017,25.07,1.25
20/11/2017,25.03,1.25
21/11/2017,25.0,1.25
22/11/2017,25.09,1.25
24/11/2017,25.09,1.25
27/11/2017,25.06,1.25
28/11/2017,25.06,1.25
29/11/2017,25.03,1.25
30/11/2017,24.97,1.25
01/12/2017,24.9,1.25
04/12/2017,24.89,1.25
05/12/2017,24.92,1.25
06/12/2017,24.93,1.25
07/12/2017,24.92,1.25
08/12/2017,24.9,1.25
11/12/2017,24.9,1.25
12/12/2017,24.92,1.25
13/12/2017,24.94,1.5
14/12/2017,24.94,1.5
15/12/2017,24.93,1.5
18/12/2017,24.9,1.5
19/12/2017,24.84,1.5
20/12/2017,24.8,1.5
21/12/2017,24.77,1.5
22/12/2017,24.79,1.5
26/12/2017,24.82,1.5
27/12/2017,24.89,1.5
28/12/2017,24.91,1.5
29/12/2017,24.95,1.5
02/01/2018,24.91,1.5
03/01/2018,24.91,1.5
04/01/2018,24.91,1.5
05/01/2018,24.9,1.5
08/01/2018,24.89,1.5
09/01/2018,24.84,1.5
10/01/2018,24.83,1.5
11/01/2018,24.8,1.5
12/01/2018,24.8,1.5
16/01/2018,24.84,1.5
17/01/2018,24.8,1.5
18/01/2018,24.78,1.5
19/01/2018,24.74,1.5
22/01/2018,24.73,1.5
23/01/2018,24.77,1.5
24/01/2018,24.77,1.5
25/01/2018,24.8,1.5
26/01/2018,24.76,1.5
29/01/2018,24.73,1.5
30/01/2018,24.66,1.5
31/01/2018,24.69,1.5
01/02/2018,24.62,1.5
02/02/2018,24.56,1.5
05/02/2018,24.66,1.5
06/02/2018,24.61,1.5
07/02/2018,24.57,1.5
08/02/2018,24.51,1.5
09/02/2018,24.45,1.5
12/02/2018,24.44,1.5
13/02/2018,24.46,1.5
14/02/2018,24.45,1.5
15/02/2018,24.44,1.5
16/02/2018,24.47,1.5
20/02/2018,24.48,1.5
21/02/2018,24.43,1.5
22/02/2018,24.45,1.5
23/02/2018,24.52,1.5
26/02/2018,24.57,1.5
27/02/2018,24.51,1.5
28/02/2018,24.51,1.5
01/03/2018,24.61,1.5
02/03/2018,24.56,1.5
05/03/2018,24.57,1.5
06/03/2018,24.58,1.5
07/03/2018,24.58,1.5
08/03/2018,24.6,1.5
09/03/2018,24.56,1.5
12/03/2018,24.6,1.5
13/03/2018,24.62,1.5
14/03/2018,24.62,1.5
15/03/2018,24.62,1.5
16/03/2018,24.59,1.5
19/03/2018,24.57,1.5
20/03/2018,24.55,1.5
21/03/2018,24.6,1.75
22/03/2018,24.66,1.75
23/03/2018,24.69,1.75
26/03/2018,24.67,1.75
27/03/2018,24.77,1.75
28/03/2018,24.71,1.75
29/03/2018,24.73,1.75
02/04/2018,24.69,1.75
03/04/2018,24.68,1.75
04/04/2018,24.65,1.75
05/04/2018,24.59,1.75
06/04/2018,24.7,1.75
09/04/2018,24.68,1.75
10/04/2018,24.67,1.75
11/04/2018,24.74,1.75
12/04/2018,24.68,1.75
13/04/2018,24.7,1.75
16/04/2018,24.69,1.75
17/04/2018,24.71,1.75
18/04/2018,24.68,1.75
19/04/2018,24.67,1.75
20/04/2018,24.59,1.75
23/04/2018,24.58,1.75
24/04/2018,24.51,1.75
25/04/2018,24.5,1.75
26/04/2018,24.54,1.75
27/04/2018,24.57,1.75
30/04/2018,24.64,1.75
01/05/2018,24.44,1.75
02/05/2018,24.46,1.75
03/05/2018,24.5,1.75
04/05/2018,24.52,1.75
07/05/2018,24.5,1.75
08/05/2018,24.46,1.75
09/05/2018,24.45,1.75
10/05/2018,24.5,1.75
11/05/2018,24.46,1.75
14/05/2018,24.43,1.75
15/05/2018,24.36,1.75
16/05/2018,24.32,1.75
17/05/2018,24.29,1.75
18/05/2018,24.35,1.75
21/05/2018,24.36,1.75
22/05/2018,24.36,1.75
23/05/2018,24.43,1.75
24/05/2018,24.45,1.75
25/05/2018,24.46,1.75
29/05/2018,24.64,1.75
30/05/2018,24.57,1.75
31/05/2018,24.61,1.75
01/06/2018,24.5,1.75
04/06/2018,24.45,1.75
05/06/2018,24.53,1.75
06/06/2018,24.46,1.75
07/06/2018,24.53,1.75
08/06/2018,24.48,1.75
11/06/2018,24.48,1.75
12/06/2018,24.46,1.75
13/06/2018,24.45,2.0
14/06/2018,24.5,2.0
15/06/2018,24.53,2.0
18/06/2018,24.55,2.0
19/06/2018,24.59,2.0
20/06/2018,24.52,2.0
21/06/2018,24.57,2.0
22/06/2018,24.59,2.0
25/06/2018,24.6,2.0
26/06/2018,24.63,2.0
27/06/2018,24.72,2.0
28/06/2018,24.66,2.0
29/06/2018,24.69,2.0
02/07/2018,24.58,2.0
03/07/2018,24.64,2.0
05/07/2018,24.65,2.0
06/07/2018,24.69,2.0
09/07/2018,24.63,2.0
10/07/2018,24.61,2.0
11/07/2018,24.63,2.0
12/07/2018,24.6,2.0
13/07/2018,24.67,2.0
16/07/2018,24.59,2.0
17/07/2018,24.59,2.0
18/07/2018,24.52,2.0
19/07/2018,24.59,2.0
20/07/2018,24.51,2.0
23/07/2018,24.4,2.0
24/07/2018,24.42,2.0
25/07/2018,24.41,2.0
26/07/2018,24.38,2.0
27/07/2018,24.42,2.0
30/07/2018,24.43,2.0
31/07/2018,24.45,2.0
01/08/2018,24.29,2.0
02/08/2018,24.3,2.0
03/08/2018,24.34,2.0
06/08/2018,24.36,2.0
07/08/2018,24.33,2.0
08/08/2018,24.33,2.0
09/08/2018,24.4,2.0
10/08/2018,24.48,2.0
13/08/2018,24.46,2.0
14/08/2018,24.43,2.0
15/08/2018,24.47,2.0
16/08/2018,24.47,2.0
17/08/2018,24.46,2.0
20/08/2018,24.52,2.0
21/08/2018,24.5,2.0
22/08/2018,24.57,2.0
23/08/2018,24.56,2.0
24/08/2018,24.6,2.0
27/08/2018,24.55,2.0
28/08/2018,24.5,2.0
29/08/2018,24.49,2.0
30/08/2018,24.52,2.0
31/08/2018,24.5,2.0
04/09/2018,24.42,2.0
05/09/2018,24.39,2.0
06/09/2018,24.41,2.0
07/09/2018,24.34,2.0
10/09/2018,24.34,2.0
11/09/2018,24.3,2.0
12/09/2018,24.32,2.0
13/09/2018,24.28,2.0
14/09/2018,24.25,2.0
17/09/2018,24.25,2.0
18/09/2018,24.2,2.0
19/09/2018,24.18,2.0
20/09/2018,24.2,2.0
21/09/2018,24.22,2.0
24/09/2018,24.19,2.0
25/09/2018,24.18,2.0
26/09/2018,24.22,2.25
27/09/2018,24.22,2.25
28/09/2018,24.23,2.25
01/10/2018,24.17,2.25
02/10/2018,24.19,2.25
03/10/2018,24.09,2.25
04/10/2018,24.03,2.25
05/10/2018,23.97,2.25
08/10/2018,23.98,2.25
09/10/2018,24.03,2.25
10/10/2018,24.02,2.25
11/10/2018,24.04,2.25
12/10/2018,24.01,2.25
15/10/2018,24.03,2.25
16/10/2018,24.03,2.25
17/10/2018,23.97,2.25
18/10/2018,23.97,2.25
19/10/2018,23.94,2.25
22/10/2018,23.94,2.25
23/10/2018,23.94,2.25
24/10/2018,24.03,2.25
25/10/2018,23.94,2.25
26/10/2018,24.07,2.25
29/10/2018,24.07,2.25
30/10/2018,23.99,2.25
31/10/2018,23.94,2.25
01/11/2018,23.89,2.25
02/11/2018,23.82,2.25
05/11/2018,23.85,2.25
06/11/2018,23.84,2.25
07/11/2018,23.83,2.25
08/11/2018,23.8,2.25
09/11/2018,23.85,2.25
12/11/2018,23.9,2.25
13/11/2018,23.91,2.25
14/11/2018,23.91,2.25
15/11/2018,23.95,2.25
16/11/2018,24.05,2.25
19/11/2018,24.02,2.25
20/11/2018,24.0,2.25
21/11/2018,23.98,2.25
23/11/2018,23.94,2.25
26/11/2018,23.93,2.25
27/11/2018,23.87,2.25
28/11/2018,23.91,2.25
29/11/2018,24.04,2.25
30/11/2018,24.05,2.25
03/12/2018,24.06,2.25
04/12/2018,24.09,2.25
06/12/2018,24.08,2.25
07/12/2018,24.14,2.25
10/12/2018,24.08,2.25
11/12/2018,23.98,2.25
12/12/2018,23.95,2.25
13/12/2018,23.95,2.25
14/12/2018,23.96,2.25
17/12/2018,24.0,2.25
18/12/2018,24.07,2.25
19/12/2018,24.1,2.5
20/12/2018,24.03,2.5
21/12/2018,23.99,2.5
24/12/2018,24.01,2.5
26/12/2018,23.96,2.5
27/12/2018,24.0,2.5
28/12/2018,24.07,2.5
31/12/2018,24.12,2.5
02/01/2019,24.12,2.5
03/01/2019,24.28,2.5
04/01/2019,24.23,2.5
07/01/2019,24.2,2.5
08/01/2019,24.21,2.5
09/01/2019,24.26,2.5
10/01/2019,24.21,2.5
11/01/2019,24.29,2.5
14/01/2019,24.25,2.5
15/01/2019,24.21,2.5
16/01/2019,24.22,2.5
17/01/2019,24.17,2.5
18/01/2019,24.13,2.5
22/01/2019,24.17,2.5
23/01/2019,24.13,2.5
24/01/2019,24.18,2.5
25/01/2019,24.12,2.5
28/01/2019,24.12,2.5
29/01/2019,24.17,2.5
30/01/2019,24.32,2.5
31/01/2019,24.45,2.5
01/02/2019,24.36,2.5
04/02/2019,24.31,2.5
05/02/2019,24.35,2.5
06/02/2019,24.34,2.5
07/02/2019,24.38,2.5
08/02/2019,24.37,2.5
11/02/2019,24.33,2.5
12/02/2019,24.33,2.5
13/02/2019,24.33,2.5
14/02/2019,24.41,2.5
15/02/2019,24.39,2.5
19/02/2019,24.44,2.5
20/02/2019,24.47,2.5
21/02/2019,24.43,2.5
22/02/2019,24.49,2.5
25/02/2019,24.47,2.5
26/02/2019,24.52,2.5
27/02/2019,24.48,2.5
28/02/2019,24.43,2.5
01/03/2019,24.39,2.5
04/03/2019,24.42,2.5
05/03/2019,24.4,2.5
06/03/2019,24.45,2.5
07/03/2019,24.5,2.5
08/03/2019,24.53,2.5
11/03/2019,24.53,2.5
12/03/2019,24.58,2.5
13/03/2019,24.59,2.5
14/03/2019,24.61,2.5
15/03/2019,24.67,2.5
18/03/2019,24.69,2.5
19/03/2019,24.64,2.5
20/03/2019,24.82,2.5
21/03/2019,24.79,2.5
22/03/2019,24.88,2.5
25/03/2019,24.86,2.5
26/03/2019,24.85,2.5
27/03/2019,24.84,2.5
28/03/2019,24.86,2.5
29/03/2019,24.88,2.5
01/04/2019,24.78,2.5
02/04/2019,24.82,2.5
03/04/2019,24.77,2.5
04/04/2019,24.77,2.5
05/04/2019,24.8,2.5
08/04/2019,24.78,2.5
09/04/2019,24.81,2.5
10/04/2019,24.92,2.5
11/04/2019,24.85,2.5
12/04/2019,24.8,2.5
15/04/2019,24.82,2.5
16/04/2019,24.76,2.5
17/04/2019,24.75,2.5
18/04/2019,24.83,2.5
22/04/2019,24.79,2.5
23/04/2019,24.84,2.5
24/04/2019,24.92,2.5
25/04/2019,24.93,2.5
26/04/2019,24.99,2.5
29/04/2019,24.93,2.5
30/04/2019,24.95,2.5
01/05/2019,24.9,2.5
02/05/2019,24.79,2.5
03/05/2019,24.85,2.5
06/05/2019,24.93,2.5
07/05/2019,24.92,2.5
08/05/2019,24.88,2.5
09/05/2019,24.91,2.5
10/05/2019,24.94,2.5
13/05/2019,25.01,2.5
14/05/2019,25.01,2.5
15/05/2019,25.07,2.5
16/05/2019,25.04,2.5
17/05/2019,25.01,2.5
20/05/2019,24.98,2.5
21/05/2019,24.98,2.5
22/05/2019,24.98,2.5
23/05/2019,25.04,2.5
24/05/2019,25.06,2.5
28/05/2019,25.08,2.5
29/05/2019,25.12,2.5
30/05/2019,25.18,2.5
31/05/2019,25.33,2.5
03/06/2019,25.33,2.5
04/06/2019,25.29,2.5
05/06/2019,25.32,2.5
06/06/2019,25.3,2.5
07/06/2019,25.37,2.5
10/06/2019,25.27,2.5
11/06/2019,25.22,2.5
12/06/2019,25.25,2.5
13/06/2019,25.27,2.5
14/06/2019,25.22,2.5
17/06/2019,25.18,2.5
18/06/2019,25.26,2.5
19/06/2019,25.41,2.5
20/06/2019,25.57,2.5
21/06/2019,25.47,2.5
24/06/2019,25.52,2.5
25/06/2019,25.48,2.5
26/06/2019,25.45,2.5
27/06/2019,25.48,2.5
28/06/2019,25.52,2.5
01/07/2019,25.34,2.5
02/07/2019,25.35,2.5
03/07/2019,25.4,2.5
05/07/2019,25.32,2.5
08/07/2019,25.29,2.5
09/07/2019,25.3,2.5
10/07/2019,25.38,2.5
11/07/2019,25.31,2.5
12/07/2019,25.35,2.5
15/07/2019,25.4,2.5
16/07/2019,25.39,2.5
17/07/2019,25.44,2.5
18/07/2019,25.49,2.5
19/07/2019,25.45,2.5
22/07/2019,25.45,2.5
23/07/2019,25.43,2.5
24/07/2019,25.43,2.5
25/07/2019,25.4,2.5
26/07/2019,25.39,2.5
29/07/2019,25.38,2.5
30/07/2019,25.4,2.5
31/07/2019,25.43,2.25
01/08/2019,25.46,2.25
02/08/2019,25.49,2.25
05/08/2019,25.57,2.25
06/08/2019,25.63,2.25
07/08/2019,25.62,2.25
08/08/2019,25.66,2.25
09/08/2019,25.64,2.25
12/08/2019,25.7,2.25
13/08/2019,25.65,2.25
14/08/2019,25.69,2.25
15/08/2019,25.77,2.25
16/08/2019,25.74,2.25
19/08/2019,25.65,2.25
20/08/2019,25.7,2.25
21/08/2019,25.67,2.25
22/08/2019,25.63,2.25
23/08/2019,25.76,2.25
26/08/2019,25.75,2.25
27/08/2019,25.82,2.25
28/08/2019,25.85,2.25
29/08/2019,25.86,2.25
30/08/2019,25.77,2.25
03/09/2019,25.76,2.25
04/09/2019,25.83,2.25
05/09/2019,25.71,2.25
06/09/2019,25.73,2.25
09/09/2019,25.65,2.25
10/09/2019,25.54,2.25
11/09/2019,25.5,2.25
12/09/2019,25.49,2.25
13/09/2019,25.37,2.25
16/09/2019,25.47,2.25
17/09/2019,25.5,2.25
18/09/2019,25.42,2.0
19/09/2019,25.44,2.0
20/09/2019,25.55,2.0
23/09/2019,25.6,2.0
24/09/2019,25.65,2.0
25/09/2019,25.54,2.0
26/09/2019,25.54,2.0
27/09/2019,25.5,2.0
30/09/2019,25.52,2.0
01/10/2019,25.52,2.0
02/10/2019,25.55,2.0
03/10/2019,25.63,2.0
04/10/2019,25.68,2.0
07/10/2019,25.63,2.0
08/10/2019,25.61,2.0
09/10/2019,25.55,2.0
10/10/2019,25.48,2.0
11/10/2019,25.41,2.0
14/10/2019,25.42,2.0
15/10/2019,25.37,2.0
16/10/2019,25.43,2.0
17/10/2019,25.45,2.0
18/10/2019,25.48,2.0
21/10/2019,25.4,2.0
22/10/2019,25.46,2.0
23/10/2019,25.47,2.0
24/10/2019,25.48,2.0
25/10/2019,25.5,2.0
28/10/2019,25.4,2.0
29/10/2019,25.35,2.0
30/10/2019,25.41,1.75
31/10/2019,25.47,1.75
01/11/2019,25.51,1.75
04/11/2019,25.52,1.75
05/11/2019,25.44,1.75
06/11/2019,25.5,1.75
07/11/2019,25.39,1.75
08/11/2019,25.39,1.75
11/11/2019,25.39,1.75
12/11/2019,25.39,1.75
13/11/2019,25.41,1.75
14/11/2019,25.45,1.75
15/11/2019,25.41,1.75
18/11/2019,25.46,1.75
19/11/2019,25.49,1.75
20/11/2019,25.55,1.75
21/11/2019,25.51,1.75
22/11/2019,25.51,1.75
25/11/2019,25.52,1.75
26/11/2019,25.57,1.75
27/11/2019,25.52,1.75
29/11/2019,25.48,1.75
02/12/2019,25.45,1.75
03/12/2019,25.59,1.75
04/12/2019,25.58,1.75
05/12/2019,25.54,1.75
06/12/2019,25.52,1.75
09/12/2019,25.52,1.75
10/12/2019,25.53,1.75
11/12/2019,25.61,1.75
12/12/2019,25.48,1.75
13/12/2019,25.59,1.75
16/12/2019,25.53,1.75
17/12/2019,25.57,1.75
18/12/2019,25.55,1.75
19/12/2019,25.6,1.75
20/12/2019,25.51,1.75
23/12/2019,25.48,1.75
24/12/2019,25.51,1.75
26/12/2019,25.53,1.75
27/12/2019,25.54,1.75
30/12/2019,25.56,1.75
31/12/2019,25.58,1.75
02/01/2020,25.66,1.75
03/01/2020,25.76,1.75
06/01/2020,25.7,1.75
07/01/2020,25.66,1.75
08/01/2020,25.62,1.75
09/01/2020,25.62,1.75
10/01/2020,25.66,1.75
13/01/2020,25.66,1.75
14/01/2020,25.7,1.75
15/01/2020,25.7,1.75
16/01/2020,25.68,1.75
17/01/2020,25.66,1.75
21/01/2020,25.73,1.75
22/01/2020,25.7,1.75
23/01/2020,25.75,1.75
24/01/2020,25.8,1.75
27/01/2020,25.84,1.75
28/01/2020,25.8,1.75
29/01/2020,25.9,1.75
30/01/2020,25.93,1.75
31/01/2020,26.03,1.75
03/02/2020,25.96,1.75
04/02/2020,25.87,1.75
05/02/2020,25.84,1.75
06/02/2020,25.84,1.75
07/02/2020,25.92,1.75
10/02/2020,25.97,1.75
11/02/2020,25.91,1.75
12/02/2020,25.9,1.75
13/02/2020,25.93,1.75
14/02/2020,25.94,1.75
17/02/2020,25.94,1.75
18/02/2020,25.97,1.75
19/02/2020,25.96,1.75
20/02/2020,26.0,1.75
21/02/2020,26.06,1.75
24/02/2020,26.17,1.75
25/02/2020,26.12,1.75
26/02/2020,26.14,1.75
27/02/2020,26.19,1.75
28/02/2020,26.23,1.75
02/03/2020,26.24,1.75
03/03/2020,26.49,1.25
04/03/2020,26.48,1.25
05/03/2020,26.56,1.25
06/03/2020,26.56,1.25
09/03/2020,26.01,1.25
10/03/2020,25.71,1.25
11/03/2020,25.17,1.25
12/03/2020,25.0,1.25
13/03/2020,24.65,1.25
14/03/2020,24.65,1.25
16/03/2020,24.94,1.25
17/03/2020,24.27,1.25
18/03/2020,24.01,1.25
19/03/2020,24.38,1.25
20/03/2020,25.06,1.25
21/03/2020,25.06,1.25
23/03/2020,25.55,1.25
24/03/2020,25.56,1.25
25/03/2020,25.73,1.25
26/03/2020,25.82,1.25
27/03/2020,26.01,1.25
28/03/2020,26.01,1.25
30/03/2020,25.92,1.25
31/03/2020,25.81,1.25
01/04/2020,25.75,1.25
02/04/2020,26.15,1.25
03/04/2020,26.24,1.25
06/04/2020,26.27,1.25
07/04/2020,26.22,1.25
08/04/2020,26.22,1.25
09/04/2020,26.28,1.25
13/04/2020,26.38,1.25
14/04/2020,26.45,1.25
15/04/2020,26.53,1.25
16/04/2020,26.26,1.25
17/04/2020,26.14,1.25
20/04/2020,26.06,1.25
21/04/2020,26.15,1.25
22/04/2020,26.29,1.25
23/04/2020,26.28,1.25
24/04/2020,26.41,1.25
27/04/2020,26.37,1.25
28/04/2020,26.46,1.25
29/04/2020,26.48,0.25
30/04/2020,26.29,0.25
01/05/2020,26.22,0.25
02/05/2020,26.22,0.25
03/05/2020,26.22,0.25
04/05/2020,26.25,0.25
05/05/2020,26.26,0.25
06/05/2020,26.2,0.25
07/05/2020,26.31,0.25
08/05/2020,26.3,0.25
11/05/2020,26.27,0.25
12/05/2020,26.25,0.25
13/05/2020,26.27,0.25
14/05/2020,26.33,0.25
15/05/2020,26.34,0.25
18/05/2020,26.37,0.25
19/05/2020,26.36,0.25
20/05/2020,26.43,0.25
21/05/2020,26.38,0.25
22/05/2020,26.42,0.25
26/05/2020,26.36,0.25
27/05/2020,26.4,0.25
28/05/2020,26.45,0.25
29/05/2020,26.45,0.25
01/06/2020,26.5,0.25
02/06/2020,26.46,0.25
03/06/2020,26.39,0.25
04/06/2020,26.31,0.25
05/06/2020,26.31,0.25
07/06/2020,26.31,0.25
08/06/2020,26.35,0.25
09/06/2020,26.39,0.25
10/06/2020,26.59,0.25
11/06/2020,26.54,0.25
12/06/2020,26.48,0.25
15/06/2020,26.52,0.25
16/06/2020,26.51,0.25
17/06/2020,26.52,0.25
18/06/2020,26.59,0.25
19/06/2020,26.63,0.25
22/06/2020,26.69,0.25
23/06/2020,26.74,0.25
24/06/2020,26.68,0.25
25/06/2020,26.71,0.25
26/06/2020,26.71,0.25
29/06/2020,26.75,0.25
30/06/2020,26.74,0.25
01/07/2020,26.75,0.25
02/07/2020,26.84,0.25
04/07/2020,26.84,0.25
05/07/2020,26.84,0.25
06/07/2020,26.89,0.25
07/07/2020,26.9,0.25
08/07/2020,26.86,0.25
09/07/2020,26.9,0.25
10/07/2020,26.88,0.25
11/07/2020,26.88,0.25
12/07/2020,26.88,0.25
13/07/2020,26.92,0.25
14/07/2020,26.92,0.25
15/07/2020,26.92,0.25
16/07/2020,26.96,0.25
17/07/2020,27.01,0.25
20/07/2020,27.05,0.25
21/07/2020,27.11,0.25
22/07/2020,27.12,0.25
23/07/2020,27.1,0.25
24/07/2020,27.07,0.25
25/07/2020,27.07,0.25
26/07/2020,27.07,0.25
27/07/2020,27.05,0.25
28/07/2020,27.1,0.25
29/07/2020,27.16,0.25
30/07/2020,27.19,0.25
31/07/2020,27.27,0.25
02/08/2020,27.27,0.25
03/08/2020,27.32,0.25
04/08/2020,27.36,0.25
05/08/2020,27.42,0.25
06/08/2020,27.45,0.25
07/08/2020,27.39,0.25
08/08/2020,27.39,0.25
09/08/2020,27.39,0.25
10/08/2020,27.36,0.25
11/08/2020,27.33,0.25
12/08/2020,27.35,0.25
13/08/2020,27.3,0.25
14/08/2020,27.3,0.25
17/08/2020,27.35,0.25
18/08/2020,27.43,0.25
19/08/2020,27.36,0.25
20/08/2020,27.36,0.25
21/08/2020,27.42,0.25
23/08/2020,27.42,0.25
24/08/2020,27.46,0.25
25/08/2020,27.48,0.25
26/08/2020,27.54,0.25
27/08/2020,27.48,0.25
28/08/2020,27.57,0.25
30/08/2020,27.57,0.25
31/08/2020,27.66,0.25
01/09/2020,27.65,0.25
02/09/2020,27.62,0.25
03/09/2020,27.54,0.25
04/09/2020,27.49,0.25
08/09/2020,27.5,0.25
09/09/2020,27.52,0.25
10/09/2020,27.53,0.25
11/09/2020,27.52,0.25
13/09/2020,27.52,0.25
14/09/2020,27.51,0.25
15/09/2020,27.52,0.25
16/09/2020,27.56,0.25
17/09/2020,27.55,0.25
18/09/2020,27.55,0.25
21/09/2020,27.48,0.25
22/09/2020,27.48,0.25
23/09/2020,27.45,0.25
24/09/2020,27.43,0.25
25/09/2020,27.46,0.25
26/09/2020,27.46,0.25
27/09/2020,27.46,0.25
28/09/2020,27.54,0.25
29/09/2020,27.57,0.25
30/09/2020,27.52,0.25
01/10/2020,27.48,0.25
02/10/2020,27.45,0.25
03/10/2020,27.45,0.25
04/10/2020,27.45,0.25
05/10/2020,27.42,0.25
06/10/2020,27.44,0.25
07/10/2020,27.43,0.25
08/10/2020,27.51,0.25
09/10/2020,27.51,0.25
12/10/2020,27.51,0.25
13/10/2020,27.52,0.25
14/10/2020,27.51,0.25
15/10/2020,27.51,0.25
16/10/2020,27.52,0.25
19/10/2020,27.48,0.25
20/10/2020,27.47,0.25
21/10/2020,27.47,0.25
22/10/2020,27.45,0.25
23/10/2020,27.45,0.25
26/10/2020,27.48,0.25
27/10/2020,27.5,0.25
28/10/2020,27.46,0.25
29/10/2020,27.39,0.25
30/10/2020,27.33,0.25
02/11/2020,27.3,0.25
03/11/2020,27.29,0.25
04/11/2020,27.33,0.25
05/11/2020,27.32,0.25
06/11/2020,27.26,0.25
09/11/2020,27.21,0.25
10/11/2020,27.24,0.25
11/11/2020,27.27,0.25
12/11/2020,27.3,0.25
13/11/2020,27.3,0.25
16/11/2020,27.3,0.25
17/11/2020,27.32,0.25
18/11/2020,27.3,0.25
19/11/2020,27.32,0.25
20/11/2020,27.34,0.25
23/11/2020,27.34,0.25
24/11/2020,27.37,0.25
25/11/2020,27.41,0.25
27/11/2020,27.45,0.25
30/11/2020,27.49,0.25
01/12/2020,27.4,0.25
02/12/2020,27.45,0.25
03/12/2020,27.51,0.25
04/12/2020,27.52,0.25
07/12/2020,27.57,0.25
08/12/2020,27.61,0.25
09/12/2020,27.58,0.25
10/12/2020,27.6,0.25
11/12/2020,27.63,0.25
14/12/2020,27.64,0.25
15/12/2020,27.67,0.25
16/12/2020,27.7,0.25
17/12/2020,27.71,0.25
18/12/2020,27.7,0.25
21/12/2020,27.7,0.25
22/12/2020,27.71,0.25
23/12/2020,27.72,0.25
24/12/2020,27.72,0.25
28/12/2020,27.75,0.25
29/12/2020,27.73,0.25
30/12/2020,27.75,0.25
31/12/2020,27.8,0.25
04/01/2021,27.85,0.25
05/01/2021,27.84,0.25
06/01/2021,27.8,0.25
07/01/2021,27.81,0.25
08/01/2021,27.7,0.25
11/01/2021,27.65,0.25
12/01/2021,27.68,0.25
13/01/2021,27.7,0.25
14/01/2021,27.75,0.25
15/01/2021,27.79,0.25
19/01/2021,27.83,0.25
20/01/2021,27.89,0.25
21/01/2021,27.96,0.25
22/01/2021,27.93,0.25
25/01/2021,27.97,0.25
26/01/2021,27.96,0.25
27/01/2021,27.98,0.25
28/01/2021,27.99,0.25
29/01/2021,27.98,0.25
01/02/2021,27.96,0.25
02/02/2021,27.99,0.25
03/02/2021,28.0,0.25
04/02/2021,27.98,0.25
05/02/2021,28.02,0.25
08/02/2021,28.03,0.25
09/02/2021,28.04,0.25
10/02/2021,28.06,0.25
11/02/2021,28.05,0.25
12/02/2021,28.03,0.25
16/02/2021,27.92,0.25
17/02/2021,27.88,0.25
18/02/2021,27.8,0.25
19/02/2021,27.71,0.25
22/02/2021,27.76,0.25
23/02/2021,27.79,0.25
24/02/2021,27.78,0.25
25/02/2021,27.44,0.25
26/02/2021,27.66,0.25
01/03/2021,27.67,0.25
02/03/2021,27.8,0.25
03/03/2021,27.73,0.25
04/03/2021,27.63,0.25
05/03/2021,27.62,0.25
08/03/2021,27.48,0.25
09/03/2021,27.6,0.25
10/03/2021,27.71,0.25
11/03/2021,27.79,0.25
12/03/2021,27.66,0.25
15/03/2021,27.71,0.25
16/03/2021,27.77,0.25
17/03/2021,27.77,0.25
18/03/2021,27.59,0.25
19/03/2021,27.59,0.25
22/03/2021,27.66,0.25
23/03/2021,27.69,0.25
24/03/2021,27.76,0.25
25/03/2021,27.77,0.25
26/03/2021,27.78,0.25
29/03/2021,27.71,0.25
30/03/2021,27.66,0.25
31/03/2021,27.68,0.25
01/04/2021,27.65,0.25
05/04/2021,27.59,0.25
06/04/2021,27.64,0.25
07/04/2021,27.68,0.25
08/04/2021,27.75,0.25
09/04/2021,27.68,0.25
12/04/2021,27.69,0.25
13/04/2021,27.77,0.25
14/04/2021,27.79,0.25
15/04/2021,27.89,0.25
16/04/2021,27.88,0.25
19/04/2021,27.84,0.25
20/04/2021,27.86,0.25
21/04/2021,27.88,0.25
22/04/2021,27.89,0.25
23/04/2021,27.9,0.25
26/04/2021,27.91,0.25
27/04/2021,27.91,0.25
28/04/2021,28.01,0.25
29/04/2021,28.01,0.25
30/04/2021,28.03,0.25
03/05/2021,27.98,0.25
04/05/2021,28.03,0.25
05/05/2021,28.16,0.25
06/05/2021,28.14,0.25
07/05/2021,28.2,0.25
10/05/2021,28.25,0.25
11/05/2021,28.19,0.25
12/05/2021,28.14,0.25
13/05/2021,28.13,0.25
14/05/2021,28.2,0.25
17/05/2021,28.24,0.25
18/05/2021,28.23,0.25
19/05/2021,28.03,0.25
20/05/2021,28.04,0.25
21/05/2021,28.09,0.25
24/05/2021,28.14,0.25
25/05/2021,28.2,0.25
26/05/2021,28.14,0.25
27/05/2021,28.11,0.25
28/05/2021,28.14,0.25
01/06/2021,28.02,0.25
02/06/2021,28.02,0.25
03/06/2021,27.93,0.25
04/06/2021,28.02,0.25
07/06/2021,27.98,0.25
08/06/2021,27.97,0.25
09/06/2021,27.93,0.25
10/06/2021,28.07,0.25
11/06/2021,27.98,0.25
14/06/2021,27.96,0.25
15/06/2021,28.02,0.25
16/06/2021,27.74,0.25
17/06/2021,27.8,0.25
18/06/2021,27.77,0.25
19/06/2021,27.77,0.25
20/06/2021,27.77,0.25
21/06/2021,27.75,0.25
22/06/2021,27.93,0.25
23/06/2021,27.95,0.25
24/06/2021,27.89,0.25
25/06/2021,27.92,0.25
28/06/2021,27.95,0.25
29/06/2021,27.97,0.25
30/06/2021,28.01,0.25
01/07/2021,27.84,0.25
02/07/2021,27.94,0.25
03/07/2021,27.94,0.25
04/07/2021,27.94,0.25
05/07/2021,27.94,0.25
06/07/2021,28.01,0.25
07/07/2021,27.98,0.25
08/07/2021,27.98,0.25
09/07/2021,27.99,0.25
12/07/2021,28.05,0.25
13/07/2021,28.09,0.25
14/07/2021,28.14,0.25
15/07/2021,28.22,0.25
16/07/2021,28.21,0.25
19/07/2021,28.21,0.25
20/07/2021,28.22,0.25
21/07/2021,28.18,0.25
22/07/2021,28.25,0.25
23/07/2021,28.37,0.25
26/07/2021,28.48,0.25
27/07/2021,28.48,0.25
28/07/2021,28.57,0.25
29/07/2021,28.55,0.25
30/07/2021,28.59,0.25
02/08/2021,28.39,0.25
03/08/2021,28.43,0.25
04/08/2021,28.36,0.25
05/08/2021,28.25,0.25
06/08/2021,28.22,0.25
07/08/2021,28.22,0.25
08/08/2021,28.22,0.25
09/08/2021,28.18,0.25
10/08/2021,28.19,0.25
11/08/2021,28.26,0.25
12/08/2021,28.24,0.25
13/08/2021,28.3,0.25
16/08/2021,28.33,0.25
17/08/2021,28.27,0.25
18/08/2021,28.23,0.25
19/08/2021,28.22,0.25
20/08/2021,28.13,0.25
23/08/2021,28.2,0.25
24/08/2021,28.21,0.25
25/08/2021,28.21,0.25
26/08/2021,28.21,0.25
27/08/2021,28.36,0.25
30/08/2021,28.37,0.25
31/08/2021,28.32,0.25
01/09/2021,28.11,0.25
02/09/2021,28.11,0.25
03/09/2021,28.1,0.25
07/09/2021,28.07,0.25
08/09/2021,28.14,0.25
09/09/2021,28.23,0.25
10/09/2021,28.18,0.25
13/09/2021,28.16,0.25
14/09/2021,28.17,0.25
15/09/2021,28.18,0.25
16/09/2021,28.14,0.25
17/09/2021,28.06,0.25
20/09/2021,28.07,0.25
21/09/2021,28.05,0.25
22/09/2021,28.0,0.25
23/09/2021,27.93,0.25
24/09/2021,27.91,0.25
27/09/2021,27.91,0.25
28/09/2021,27.9,0.25
29/09/2021,27.9,0.25
30/09/2021,27.93,0.25
01/10/2021,27.9,0.25
04/10/2021,27.89,0.25
05/10/2021,27.95,0.25
06/10/2021,27.91,0.25
07/10/2021,27.92,0.25
08/10/2021,27.92,0.25
11/10/2021,27.9,0.25
12/10/2021,27.91,0.25
13/10/2021,27.99,0.25
14/10/2021,28.03,0.25
15/10/2021,27.99,0.25
18/10/2021,27.9,0.25
19/10/2021,27.87,0.25
20/10/2021,27.96,0.25
21/10/2021,28.0,0.25
22/10/2021,28.02,0.25
25/10/2021,28.12,0.25
26/10/2021,28.18,0.25
27/10/2021,28.24,0.25
28/10/2021,28.06,0.25
29/10/2021,28.04,0.25
01/11/2021,27.91,0.25
02/11/2021,27.98,0.25
03/11/2021,27.98,0.25
04/11/2021,28.11,0.25
05/11/2021,28.18,0.25
08/11/2021,28.21,0.25
09/11/2021,28.33,0.25
10/11/2021,28.27,0.25
11/11/2021,28.26,0.25
12/11/2021,28.28,0.25
15/11/2021,28.32,0.25
16/11/2021,28.32,0.25
17/11/2021,28.35,0.25
18/11/2021,28.32,0.25
19/11/2021,28.22,0.25
22/11/2021,28.03,0.25
23/11/2021,27.98,0.25
24/11/2021,28.05,0.25
26/11/2021,28.14,0.25
29/11/2021,28.11,0.25
30/11/2021,28.04,0.25
01/12/2021,27.86,0.25
02/12/2021,27.88,0.25
03/12/2021,27.94,0.25
06/12/2021,27.9,0.25
07/12/2021,27.95,0.25
08/12/2021,27.98,0.25
09/12/2021,27.86,0.25
10/12/2021,27.89,0.25
13/12/2021,27.89,0.25
14/12/2021,27.8,0.25
15/12/2021,27.84,0.25
16/12/2021,27.92,0.25
17/12/2021,27.76,0.25
20/12/2021,27.76,0.25
21/12/2021,27.77,0.25
22/12/2021,27.84,0.25
23/12/2021,27.82,0.25
27/12/2021,27.88,0.25
28/12/2021,27.89,0.25
29/12/2021,27.94,0.25
30/12/2021,28.04,0.25
31/12/2021,28.04,0.25
03/01/2022,27.96,0.25
04/01/2022,27.91,0.25
05/01/2022,27.71,0.25
06/01/2022,27.56,0.25
07/01/2022,27.53,0.25
10/01/2022,27.53,0.25
11/01/2022,27.69,0.25
12/01/2022,27.58,0.25
13/01/2022,27.58,0.25
14/01/2022,27.49,0.25
18/01/2022,27.38,0.25
19/01/2022,27.32,0.25
20/01/2022,27.36,0.25
21/01/2022,27.48,0.25
24/01/2022,27.53,0.25
25/01/2022,27.52,0.25
26/01/2022,27.39,0.25
27/01/2022,27.41,0.25
28/01/2022,27.51,0.25
31/01/2022,27.58,0.25
01/02/2022,27.31,0.25
02/02/2022,27.36,0.25
03/02/2022,27.21,0.25
04/02/2022,27.1,0.25
07/02/2022,27.04,0.25
08/02/2022,27.0,0.25
09/02/2022,27.05,0.25
10/02/2022,26.86,0.25
11/02/2022,27.1,0.25
14/02/2022,27.08,0.25
15/02/2022,26.97,0.25
16/02/2022,27.01,0.25
17/02/2022,27.09,0.25
18/02/2022,27.14,0.25
22/02/2022,27.19,0.25
23/02/2022,27.27,0.25
24/02/2022,27.37,0.25
25/02/2022,27.33,0.25
28/02/2022,27.71,0.25
01/03/2022,27.86,0.25
02/03/2022,27.73,0.25
03/03/2022,27.67,0.25
04/03/2022,27.89,0.25
07/03/2022,27.97,0.25
08/03/2022,28.06,0.25
09/03/2022,27.83,0.25
10/03/2022,27.84,0.25
11/03/2022,27.96,0.25
14/03/2022,27.7,0.25
15/03/2022,27.56,0.25
16/03/2022,27.36,0.5
17/03/2022,27.69,0.5
18/03/2022,27.61,0.5
21/03/2022,27.41,0.5
22/03/2022,27.33,0.5
23/03/2022,27.53,0.5
24/03/2022,27.46,0.5
25/03/2022,27.27,0.5
28/03/2022,27.2,0.5
29/03/2022,27.09,0.5
30/03/2022,27.18,0.5
31/03/2022,27.11,0.5
01/04/2022,26.74,0.5
04/04/2022,26.73,0.5
05/04/2022,26.55,0.5
06/04/2022,26.49,0.5
07/04/2022,26.49,0.5
08/04/2022,26.55,0.5
11/04/2022,26.55,0.5
12/04/2022,26.59,0.5
13/04/2022,26.54,0.5
14/04/2022,26.57,0.5
18/04/2022,26.53,0.5
19/04/2022,26.4,0.5
20/04/2022,26.54,0.5
21/04/2022,26.64,0.5
22/04/2022,26.58,0.5
25/04/2022,26.57,0.5
26/04/2022,26.67,0.5
27/04/2022,26.65,0.5
28/04/2022,26.74,0.5
29/04/2022,26.56,0.5
02/05/2022,26.06,0.5
03/05/2022,26.1,0.5
04/05/2022,26.29,1.0
05/05/2022,26.07,1.0
06/05/2022,26.05,1.0
09/05/2022,25.97,1.0
10/05/2022,25.83,1.0
11/05/2022,26.04,1.0
12/05/2022,25.96,1.0
13/05/2022,26.11,1.0
16/05/2022,26.16,1.0
17/05/2022,26.04,1.0
18/05/2022,26.19,1.0
19/05/2022,26.12,1.0
20/05/2022,26.11,1.0
23/05/2022,26.07,1.0
24/05/2022,26.19,1.0
25/05/2022,26.21,1.0
26/05/2022,26.36,1.0
27/05/2022,26.44,1.0
31/05/2022,26.27,1.0
01/06/2022,25.79,1.0
02/06/2022,25.88,1.0
03/06/2022,25.99,1.0
06/06/2022,25.84,1.0
07/06/2022,25.9,1.0
08/06/2022,25.87,1.0
09/06/2022,25.87,1.0
10/06/2022,25.73,1.0
13/06/2022,25.35,1.0
14/06/2022,24.97,1.0
15/06/2022,25.31,1.75
16/06/2022,25.22,1.75
17/06/2022,25.24,1.75
21/06/2022,25.17,1.75
22/06/2022,25.29,1.75
23/06/2022,25.36,1.75
24/06/2022,25.43,1.75
27/06/2022,25.27,1.75
28/06/2022,25.19,1.75
29/06/2022,25.15,1.75
30/06/2022,25.22,1.75
01/07/2022,25.46,1.75
05/07/2022,25.41,1.75
06/07/2022,25.18,1.75
07/07/2022,25.13,1.75
08/07/2022,25.15,1.75
11/07/2022,25.18,1.75
12/07/2022,25.17,1.75
13/07/2022,25.28,1.75
14/07/2022,25.2,1.75
15/07/2022,25.34,1.75
18/07/2022,25.37,1.75
19/07/2022,25.34,1.75
20/07/2022,25.27,1.75
21/07/2022,25.44,1.75
22/07/2022,25.64,1.75
25/07/2022,25.61,1.75
26/07/2022,25.62,1.75
27/07/2022,25.8,2.5
28/07/2022,26.07,2.5
29/07/2022,26.24,2.5
01/08/2022,25.96,2.5
02/08/2022,25.68,2.5
03/08/2022,25.74,2.5
04/08/2022,25.81,2.5
05/08/2022,25.54,2.5
08/08/2022,25.68,2.5
09/08/2022,25.62,2.5
10/08/2022,25.59,2.5
11/08/2022,25.56,2.5
12/08/2022,25.65,2.5
15/08/2022,25.67,2.5
16/08/2022,25.64,2.5
17/08/2022,25.54,2.5
18/08/2022,25.67,2.5
19/08/2022,25.6,2.5
22/08/2022,25.57,2.5
23/08/2022,25.59,2.5
24/08/2022,25.6,2.5
25/08/2022,25.67,2.5
26/08/2022,25.61,2.5
29/08/2022,25.53,2.5
30/08/2022,25.44,2.5
31/08/2022,25.26,2.5
01/09/2022,24.71,2.5
02/09/2022,24.85,2.5
06/09/2022,24.66,2.5
07/09/2022,24.73,2.5
08/09/2022,24.6,2.5
09/09/2022,24.63,2.5
12/09/2022,24.6,2.5
13/09/2022,24.5,2.5
14/09/2022,24.53,2.5
15/09/2022,24.42,2.5
16/09/2022,24.33,2.5
19/09/2022,24.21,2.5
20/09/2022,24.19,2.5
21/09/2022,24.2,3.25
22/09/2022,23.95,3.25
23/09/2022,23.82,3.25
26/09/2022,23.46,3.25
27/09/2022,23.43,3.25
28/09/2022,23.82,3.25
29/09/2022,23.49,3.25
30/09/2022,23.4,3.25
03/10/2022,23.67,3.25
04/10/2022,23.79,3.25
05/10/2022,23.57,3.25
06/10/2022,23.52,3.25
07/10/2022,23.53,3.25
10/10/2022,23.44,3.25
11/10/2022,23.53,3.25
12/10/2022,23.55,3.25
13/10/2022,23.52,3.25
14/10/2022,23.5,3.25
17/10/2022,23.59,3.25
18/10/2022,23.54,3.25
19/10/2022,23.44,3.25
20/10/2022,23.4,3.25
21/10/2022,23.5,3.25
24/10/2022,23.53,3.25
25/10/2022,23.63,3.25
26/10/2022,23.61,3.25
27/10/2022,23.76,3.25
28/10/2022,23.69,3.25
31/10/2022,23.66,3.25
01/11/2022,23.64,3.25
02/11/2022,23.62,4.0
03/11/2022,23.36,4.0
04/11/2022,23.46,4.0
07/11/2022,23.48,4.0
08/11/2022,23.52,4.0
09/11/2022,23.49,4.0
10/11/2022,23.85,4.0
11/11/2022,23.84,4.0
14/11/2022,23.69,4.0
15/11/2022,23.82,4.0
16/11/2022,23.85,4.0
17/11/2022,23.72,4.0
18/11/2022,23.58,4.0
21/11/2022,23.7,4.0
22/11/2022,23.77,4.0
23/11/2022,23.87,4.0
25/11/2022,23.86,4.0
28/11/2022,23.8,4.0
29/11/2022,23.73,4.0
30/11/2022,24.1,4.0
01/12/2022,24.25,4.0
02/12/2022,24.37,4.0
05/12/2022,24.14,4.0
06/12/2022,24.1,4.0
07/12/2022,24.18,4.0
08/12/2022,24.16,4.0
09/12/2022,23.97,4.0
12/12/2022,23.99,4.0
13/12/2022,24.1,4.0
14/12/2022,24.07,4.5
15/12/2022,24.07,4.5
16/12/2022,23.85,4.5
19/12/2022,23.79,4.5
20/12/2022,23.79,4.5
21/12/2022,23.89,4.5
22/12/2022,23.77,4.5
23/12/2022,23.74,4.5
27/12/2022,23.65,4.5
28/12/2022,23.62,4.5
29/12/2022,23.7,4.5
30/12/2022,23.62,4.5
03/01/2023,23.69,4.5
04/01/2023,23.71,4.5
05/01/2023,23.68,4.5
06/01/2023,23.91,4.5
09/01/2023,23.95,4.5
10/01/2023,23.88,4.5
11/01/2023,23.95,4.5
12/01/2023,24.13,4.5
13/01/2023,24.01,4.5
17/01/2023,23.95,4.5
18/01/2023,24.08,4.5
19/01/2023,24.22,4.5
20/01/2023,24.11,4.5
23/01/2023,24.08,4.5
24/01/2023,24.18,4.5
25/01/2023,24.22,4.5
26/01/2023,24.21,4.5
27/01/2023,24.17,4.5
30/01/2023,24.07,4.5
31/01/2023,24.09,4.5
01/02/2023,24.29,4.75
02/02/2023,24.26,4.75
03/02/2023,24.02,4.75
06/02/2023,23.89,4.75
07/02/2023,23.96,4.75
08/02/2023,24.06,4.75
09/02/2023,23.95,4.75
10/02/2023,23.88,4.75
13/02/2023,23.9,4.75
14/02/2023,23.79,4.75
15/02/2023,23.83,4.75
16/02/2023,23.79,4.75
17/02/2023,23.79,4.75
21/02/2023,23.69,4.75
22/02/2023,23.68,4.75
23/02/2023,23.75,4.75
24/02/2023,23.59,4.75
27/02/2023,23.64,4.75
28/02/2023,23.72,4.75
01/03/2023,23.63,4.75
02/03/2023,23.67,4.75
03/03/2023,23.88,4.75
06/03/2023,23.79,4.75
07/03/2023,23.58,4.75
08/03/2023,23.5,4.75
09/03/2023,23.58,4.75
10/03/2023,23.84,4.75
